user_id,sex,age,weight,height,calorie_intake,activity,cluster
0,1,27,135,153,1900,2,4.0
1,0,19,204,161,2700,1,28.0
2,0,53,285,159,2300,2,17.0
3,0,42,162,161,1900,2,4.0
4,1,28,156,169,2900,0,9.0
5,1,43,269,174,1800,2,16.0
6,0,24,101,188,1500,2,23.0
7,0,45,109,174,2600,0,7.0
8,0,25,156,163,2500,0,21.0
9,0,56,275,184,2000,2,10.0
10,0,30,196,154,2600,2,14.0
11,0,52,205,199,2000,2,10.0
12,0,57,111,141,1600,0,1.0
13,1,46,100,179,2000,1,20.0
14,0,19,226,194,1900,0,16.0
15,0,43,211,164,2200,0,2.0
16,1,33,181,151,1600,1,1.0
17,1,42,120,171,3000,1,9.0
18,1,25,216,174,2700,1,28.0
19,0,34,250,177,1300,2,3.0
20,0,53,125,193,1300,2,3.0
21,0,23,248,159,2600,0,14.0
22,1,22,215,149,2200,2,2.0
23,0,25,136,155,1300,2,3.0
24,0,37,236,148,1400,0,26.0
25,1,21,234,175,2300,0,17.0
26,1,42,259,172,1600,0,25.0
27,1,22,204,143,2500,0,6.0
28,0,62,122,190,2700,1,13.0
29,1,54,113,183,1500,1,23.0
30,0,51,133,142,1800,1,22.0
31,0,51,102,162,1900,2,4.0
32,1,19,234,197,2700,1,28.0
33,0,21,179,162,1900,2,4.0
34,0,58,228,175,2900,0,19.0
35,1,25,110,146,2200,2,12.0
36,0,63,118,169,2900,0,9.0
37,1,53,298,145,3000,2,19.0
38,1,55,165,172,2000,0,20.0
39,0,49,130,183,2500,1,21.0
40,1,50,218,141,1700,1,11.0
41,0,26,249,169,1900,0,16.0
42,0,54,101,141,2100,0,15.0
43,1,33,194,166,2800,1,0.0
44,0,26,289,148,1800,0,16.0
45,1,28,238,172,1200,1,18.0
46,1,29,137,181,1600,1,1.0
47,0,37,119,199,1900,0,4.0
48,0,57,183,193,1900,0,4.0
49,0,34,217,169,2300,2,17.0
50,1,23,257,141,2800,1,0.0
51,1,32,151,159,2300,1,12.0
52,0,62,241,178,1900,0,16.0
53,0,48,245,184,1600,2,25.0
54,0,22,205,163,2100,2,27.0
55,1,58,224,177,1800,0,16.0
56,0,30,267,149,2000,2,10.0
57,0,43,271,161,1400,0,26.0
58,0,33,159,165,2000,2,20.0
59,0,51,235,142,2600,1,14.0
60,0,37,286,169,2900,1,19.0
61,1,49,293,176,1900,0,16.0
62,1,47,277,196,1700,0,25.0
63,0,46,265,172,2400,2,5.0
64,0,44,201,157,3000,1,19.0
65,0,41,199,177,2900,0,19.0
66,0,26,203,170,2300,0,17.0
67,0,38,119,191,2800,0,29.0
68,1,39,111,143,2800,1,29.0
69,1,29,128,152,1400,2,24.0
70,0,49,169,199,2600,1,7.0
71,0,57,113,151,2700,1,13.0
72,0,54,255,158,1900,1,16.0
73,0,49,155,153,3000,0,9.0
74,1,39,283,175,1900,1,16.0
75,1,41,220,158,2600,0,14.0
76,1,29,156,152,2600,0,7.0
77,0,32,284,145,2600,2,14.0
78,1,26,128,161,1600,0,1.0
79,0,39,277,168,2000,0,10.0
80,1,24,246,192,2600,1,14.0
81,1,54,227,179,2800,1,0.0
82,1,25,295,159,3000,0,19.0
83,1,21,109,167,2100,2,15.0
84,1,18,273,159,2200,0,2.0
85,0,23,186,149,1900,0,4.0
86,0,21,97,198,2100,2,15.0
87,0,25,142,163,2300,2,12.0
88,0,50,262,157,1300,2,3.0
89,1,30,235,177,2800,0,0.0
90,0,53,237,184,2900,2,19.0
91,0,21,159,152,1800,2,22.0
92,1,27,279,149,1200,0,18.0
93,0,44,158,151,2300,1,12.0
94,0,40,99,183,2700,1,13.0
95,0,18,219,155,1500,1,8.0
96,1,33,196,154,1800,0,22.0
97,1,20,222,163,2000,2,10.0
98,0,34,121,197,2700,2,13.0
99,0,60,176,157,3000,2,9.0
100,1,36,295,147,2000,0,10.0
101,0,55,150,168,1800,0,22.0
102,0,47,280,170,1800,1,16.0
103,0,32,147,151,2600,0,7.0
104,1,48,121,140,2500,2,21.0
105,0,48,235,184,1700,0,11.0
106,1,29,259,171,2100,0,27.0
107,0,38,119,174,1900,1,4.0
108,1,52,101,180,2500,2,21.0
109,1,25,285,156,2700,2,28.0
110,0,62,166,140,1600,0,1.0
111,0,29,254,172,2300,2,17.0
112,0,58,195,180,1500,1,8.0
113,0,56,235,189,1300,1,3.0
114,0,55,161,193,2000,0,20.0
115,1,37,150,155,1600,1,1.0
116,0,55,151,153,2200,0,12.0
117,1,35,135,147,2400,2,21.0
118,0,25,207,168,1900,0,4.0
119,0,36,104,148,1900,2,4.0
120,1,18,213,187,2400,2,5.0
121,1,53,127,178,2200,1,12.0
122,0,36,95,186,2700,0,13.0
123,0,33,156,146,2200,2,12.0
124,0,56,283,193,2000,2,10.0
125,1,51,207,148,1400,1,26.0
126,1,35,185,168,1500,1,23.0
127,1,56,158,145,1900,1,4.0
128,1,48,275,188,2500,2,6.0
129,0,23,216,143,2400,1,5.0
130,1,26,92,199,1900,0,4.0
131,0,47,221,153,2700,1,28.0
132,1,60,296,159,2700,0,28.0
133,1,60,225,162,1900,2,16.0
134,0,29,153,194,1700,0,11.0
135,1,59,154,146,1800,0,22.0
136,1,20,120,174,1400,0,24.0
137,1,25,238,161,1500,0,8.0
138,1,36,246,166,1400,1,26.0
139,0,43,179,181,1500,0,23.0
140,1,24,156,143,1200,0,18.0
141,1,26,118,149,2300,1,12.0
142,0,41,93,140,1600,0,1.0
143,1,44,136,182,1800,0,22.0
144,0,51,120,149,2300,1,12.0
145,0,33,165,158,1700,0,11.0
146,0,32,241,146,1300,0,3.0
147,1,40,207,171,1400,1,26.0
148,1,50,274,153,1700,2,25.0
149,1,24,258,199,2300,0,17.0
150,1,56,194,156,3000,0,19.0
151,1,21,293,186,2800,0,0.0
152,0,41,174,150,1200,2,18.0
153,1,38,159,193,2500,0,21.0
154,1,41,281,168,1900,2,16.0
155,0,29,274,143,1600,1,25.0
156,1,58,299,176,1600,1,25.0
157,1,50,134,153,3000,0,9.0
158,1,41,223,198,1400,0,26.0
159,0,20,91,172,2600,0,7.0
160,0,43,243,190,1600,2,25.0
161,1,28,108,187,2200,0,12.0
162,0,39,121,169,2500,0,21.0
163,0,48,171,160,2200,0,12.0
164,1,37,168,186,1300,2,3.0
165,1,46,256,168,3000,2,19.0
166,1,55,133,174,2100,1,15.0
167,1,22,190,192,2300,0,17.0
168,1,43,229,194,1700,2,11.0
169,0,56,129,177,2900,0,9.0
170,1,22,110,184,1400,2,24.0
171,1,43,90,188,2200,0,12.0
172,0,57,178,189,2300,0,17.0
173,1,47,239,164,2000,1,10.0
174,0,47,109,181,2100,0,15.0
175,0,20,98,188,1500,2,23.0
176,1,20,197,160,2000,0,10.0
177,0,34,108,164,1400,2,24.0
178,1,44,201,153,3000,1,19.0
179,0,59,262,182,1300,0,3.0
180,0,61,263,155,1800,2,16.0
181,0,62,141,194,2100,1,15.0
182,0,42,259,189,2900,2,19.0
183,0,20,104,174,2500,2,21.0
184,1,37,141,146,2200,1,12.0
185,0,42,216,140,1500,1,8.0
186,0,25,272,147,2000,2,10.0
187,1,24,119,175,1900,1,4.0
188,1,51,107,140,1300,1,3.0
189,1,40,175,179,1700,2,11.0
190,1,42,187,186,2000,1,20.0
191,1,29,185,190,2400,1,5.0
192,1,60,224,177,2400,2,5.0
193,0,42,216,143,2400,2,5.0
194,1,63,138,184,2200,1,12.0
195,0,62,280,196,2700,1,28.0
196,1,28,145,198,2200,0,12.0
197,0,34,96,176,2400,2,21.0
198,1,62,263,191,2300,0,17.0
199,0,39,175,184,1500,1,23.0
200,1,39,137,143,2100,0,15.0
201,0,35,239,150,1900,2,16.0
202,1,33,177,178,1600,0,1.0
203,1,21,145,143,1300,1,3.0
204,0,63,269,142,2400,0,5.0
205,0,40,162,153,1700,2,11.0
206,1,54,132,187,1900,2,4.0
207,0,61,238,169,2800,2,0.0
208,1,48,232,176,2200,2,2.0
209,0,41,222,176,2400,2,5.0
210,1,27,116,196,2300,1,12.0
211,1,58,277,145,1400,2,26.0
212,1,53,229,173,2700,1,28.0
213,1,49,168,189,2800,2,29.0
214,0,60,241,144,2600,0,14.0
215,1,28,149,162,1600,2,1.0
216,1,42,233,164,2300,0,17.0
217,0,40,282,174,2200,0,2.0
218,1,50,158,190,1700,0,11.0
219,0,63,105,194,1600,2,1.0
220,1,63,113,192,1500,2,23.0
221,1,26,126,183,2600,0,7.0
222,1,44,283,179,2400,1,5.0
223,0,56,268,159,2000,2,10.0
224,0,53,252,152,2600,0,14.0
225,0,60,256,175,1400,2,26.0
226,0,47,199,180,1300,2,3.0
227,1,43,91,175,2900,1,9.0
228,0,34,173,140,1600,1,1.0
229,0,20,146,185,2400,0,21.0
230,0,36,191,172,2800,0,29.0
231,1,49,190,177,1300,1,3.0
232,0,48,149,187,2600,2,7.0
233,1,46,250,142,2900,2,19.0
234,1,28,286,159,1300,1,3.0
235,1,20,118,188,2400,2,21.0
236,0,59,160,147,2000,1,20.0
237,0,37,235,144,1400,0,26.0
238,0,54,183,190,1800,0,22.0
239,0,61,233,183,2200,0,2.0
240,0,30,242,189,2800,1,0.0
241,0,42,244,195,2800,0,0.0
242,0,40,219,158,2000,0,10.0
243,1,43,201,186,2400,0,5.0
244,0,26,187,141,2000,1,20.0
245,0,36,120,192,2300,1,12.0
246,1,60,111,147,2600,1,7.0
247,1,34,166,195,1800,2,22.0
248,0,61,232,147,1600,1,25.0
249,1,23,299,196,2400,2,5.0
250,0,59,216,148,2600,1,14.0
251,1,40,186,141,2100,1,15.0
252,0,63,209,185,2400,1,5.0
253,1,24,151,188,2500,0,21.0
254,1,37,100,167,2700,1,13.0
255,0,28,246,187,1500,2,8.0
256,0,54,235,190,2000,0,10.0
257,0,43,125,192,2800,2,29.0
258,0,44,155,184,2100,1,15.0
259,0,25,210,178,2100,0,27.0
260,1,26,117,157,1500,2,23.0
261,0,19,94,179,2200,2,12.0
262,1,30,217,195,2100,1,27.0
263,0,27,190,146,1600,0,1.0
264,1,27,155,163,2700,2,13.0
265,0,33,207,167,1700,1,11.0
266,1,30,170,182,2100,2,15.0
267,1,58,242,163,1900,2,16.0
268,1,41,210,147,2700,2,28.0
269,0,33,188,163,2000,2,20.0
270,0,58,141,148,1300,1,3.0
271,0,53,157,199,1500,2,23.0
272,0,50,91,171,1300,1,3.0
273,1,59,153,157,2500,1,21.0
274,1,57,198,152,1400,2,24.0
275,1,41,122,157,2800,2,29.0
276,1,29,105,174,2500,0,21.0
277,0,29,226,194,1700,2,11.0
278,1,30,106,196,2800,0,29.0
279,1,55,296,162,2600,2,14.0
280,1,29,220,168,3000,0,19.0
281,1,27,220,188,3000,2,19.0
282,1,32,150,150,1800,2,22.0
283,1,42,287,195,1500,0,8.0
284,0,44,182,149,1300,2,3.0
285,1,50,281,162,2700,2,28.0
286,0,35,145,166,2000,2,20.0
287,1,31,258,189,2500,2,6.0
288,1,38,273,186,2100,1,27.0
289,0,49,100,150,2400,1,21.0
290,0,61,283,164,1900,1,16.0
291,1,28,148,158,2400,2,21.0
292,1,62,157,188,1800,2,22.0
293,1,31,213,167,1800,0,22.0
294,0,57,115,153,1900,0,4.0
295,0,25,135,178,1600,2,1.0
296,1,49,111,142,2100,0,15.0
297,0,26,139,172,2100,0,15.0
298,1,56,271,197,1300,1,3.0
299,1,44,174,185,1600,0,1.0
300,1,28,253,199,1900,1,16.0
301,0,56,154,159,2800,2,29.0
302,0,39,133,142,1300,2,3.0
303,1,35,246,174,2300,0,17.0
304,1,53,103,143,2100,1,15.0
305,0,53,154,169,2900,1,9.0
306,1,58,255,195,2500,0,6.0
307,1,32,265,152,1400,1,26.0
308,1,44,205,172,2200,1,2.0
309,0,60,101,175,2400,1,21.0
310,0,39,285,159,1900,0,16.0
311,0,19,277,148,1800,2,16.0
312,1,51,216,163,1800,0,22.0
313,0,57,241,149,1300,1,3.0
314,0,46,167,169,1800,1,22.0
315,1,35,113,155,2900,0,9.0
316,0,33,271,180,2200,0,2.0
317,1,59,288,178,1400,0,26.0
318,1,19,252,146,1600,0,25.0
319,1,23,270,186,2900,0,19.0
320,0,36,174,158,2900,1,9.0
321,0,24,235,169,1800,1,16.0
322,0,30,201,188,2700,1,28.0
323,1,63,256,159,1700,2,11.0
324,0,38,109,176,2600,2,7.0
325,1,51,135,146,1700,1,11.0
326,0,21,196,140,2900,1,19.0
327,0,48,266,148,2800,2,0.0
328,1,40,106,156,2600,2,7.0
329,1,52,160,192,2900,2,9.0
330,0,24,96,185,2900,2,9.0
331,1,36,181,198,2300,0,17.0
332,1,42,263,197,2200,2,2.0
333,0,20,260,176,1500,0,8.0
334,0,28,202,150,2100,1,27.0
335,1,37,141,151,2700,1,13.0
336,0,22,170,178,2000,0,20.0
337,1,50,123,172,2800,1,29.0
338,0,45,138,187,1700,2,11.0
339,0,43,158,171,2100,0,15.0
340,0,22,257,149,2100,1,27.0
341,0,37,98,183,2900,1,9.0
342,0,63,189,182,2500,1,6.0
343,1,57,247,179,1400,2,26.0
344,0,24,229,169,2400,1,5.0
345,1,45,233,150,2700,1,28.0
346,1,26,193,149,2300,1,17.0
347,1,25,199,196,2800,0,0.0
348,0,43,295,155,1700,1,25.0
349,0,33,123,178,1700,0,11.0
350,1,60,117,176,3000,2,9.0
351,0,55,165,168,1600,0,1.0
352,0,49,175,182,3000,0,9.0
353,1,38,121,170,2000,0,20.0
354,1,55,163,150,1600,0,1.0
355,1,22,162,149,2000,2,20.0
356,1,19,103,163,1500,1,23.0
357,1,23,189,183,1400,1,24.0
358,1,46,298,152,2100,2,27.0
359,1,36,206,168,2200,1,2.0
360,1,53,286,178,2600,1,14.0
361,0,28,176,189,1500,2,23.0
362,0,43,240,173,1600,1,25.0
363,0,32,119,181,1400,0,24.0
364,1,55,131,189,1600,1,1.0
365,0,37,238,167,1600,0,25.0
366,1,55,289,196,2300,2,17.0
367,1,34,235,155,2300,0,17.0
368,1,44,212,182,1600,2,25.0
369,0,29,213,179,2800,0,0.0
370,0,34,183,158,1700,0,11.0
371,0,58,203,173,2500,0,6.0
372,0,53,203,176,2700,2,28.0
373,1,28,138,147,2100,2,15.0
374,1,40,282,177,2200,2,2.0
375,1,34,286,195,2800,0,0.0
376,0,53,196,143,1300,0,3.0
377,0,61,90,143,2200,2,12.0
378,0,52,265,174,2300,1,17.0
379,0,43,132,145,1400,0,24.0
380,1,31,289,171,1900,0,16.0
381,0,39,149,158,2900,0,9.0
382,1,19,121,177,2300,1,12.0
383,0,36,93,166,2800,1,29.0
384,0,39,171,190,3000,0,9.0
385,1,50,95,197,1600,1,1.0
386,0,52,218,195,2500,0,6.0
387,1,50,104,143,1400,1,24.0
388,1,23,120,157,2800,0,29.0
389,0,18,110,171,2100,2,15.0
390,0,53,110,145,2600,0,7.0
391,0,31,218,180,2500,1,6.0
392,1,34,177,192,1500,0,23.0
393,1,22,221,161,2400,2,5.0
394,0,39,177,180,1700,1,11.0
395,1,44,99,162,1700,2,11.0
396,0,30,247,161,2600,0,14.0
397,1,58,172,172,1500,2,23.0
398,0,32,139,181,2800,2,29.0
399,1,25,132,154,2200,0,12.0
400,1,22,172,184,1400,1,24.0
401,0,44,125,144,3000,0,9.0
402,1,27,124,167,2600,0,7.0
403,1,40,163,163,2000,2,20.0
404,0,36,104,183,2000,2,20.0
405,0,31,104,167,2100,2,15.0
406,0,36,111,142,2700,1,13.0
407,0,57,230,178,2600,1,14.0
408,0,38,289,186,1600,2,25.0
409,0,42,288,199,1600,1,25.0
410,0,46,101,169,2600,1,7.0
411,1,50,129,177,2000,0,20.0
412,1,30,161,151,2600,1,7.0
413,1,26,295,195,2700,2,28.0
414,0,48,216,173,1200,0,18.0
415,1,55,221,176,2200,2,2.0
416,0,50,250,162,2800,1,0.0
417,0,44,240,191,1400,1,26.0
418,0,18,239,158,2500,2,6.0
419,1,46,180,141,1300,1,3.0
420,1,21,269,153,1300,0,3.0
421,1,25,200,190,2500,0,6.0
422,1,20,260,159,1300,0,3.0
423,1,46,189,143,1800,2,22.0
424,0,53,177,196,2000,2,20.0
425,1,29,256,171,2400,1,5.0
426,1,19,221,141,2200,2,2.0
427,1,32,285,173,1900,0,16.0
428,0,58,191,198,2100,2,15.0
429,1,46,221,179,1500,0,8.0
430,0,57,149,172,2300,0,12.0
431,0,32,233,163,1700,1,11.0
432,0,42,259,162,1900,2,16.0
433,0,46,295,187,1800,2,16.0
434,0,34,298,194,2500,0,6.0
435,0,44,92,160,1700,0,11.0
436,1,46,130,161,2200,1,12.0
437,1,59,169,168,1200,2,18.0
438,0,43,238,186,2400,0,5.0
439,1,52,103,160,2400,0,21.0
440,0,52,102,166,2100,2,15.0
441,1,46,285,187,1500,0,8.0
442,1,36,174,198,1700,0,11.0
443,0,31,140,169,1600,0,1.0
444,0,23,174,179,2100,0,15.0
445,1,23,107,143,2800,1,29.0
446,0,24,143,199,1400,2,24.0
447,0,44,245,191,2200,1,2.0
448,1,37,198,162,1800,0,22.0
449,0,45,164,141,2300,2,17.0
450,0,18,222,157,2300,1,17.0
451,0,18,183,182,2500,0,6.0
452,0,26,167,143,1500,2,23.0
453,0,51,254,186,2200,2,2.0
454,0,21,298,193,2100,1,27.0
455,1,61,254,169,2500,1,6.0
456,1,43,134,143,2600,0,7.0
457,0,48,275,165,2000,1,10.0
458,1,20,196,189,2700,0,28.0
459,1,44,124,196,1600,0,1.0
460,1,45,120,185,1900,0,4.0
461,1,30,265,186,2300,0,17.0
462,1,53,116,144,1200,1,18.0
463,1,24,198,188,1500,0,8.0
464,1,61,113,145,2000,2,20.0
465,0,46,193,157,1500,0,23.0
466,1,58,186,182,2100,1,15.0
467,0,27,293,166,2000,0,10.0
468,1,54,131,172,2600,0,7.0
469,0,50,275,151,1200,0,18.0
470,1,20,172,188,1800,1,22.0
471,0,19,99,145,2700,0,13.0
472,0,20,94,162,2900,0,9.0
473,0,22,289,182,2100,2,27.0
474,0,31,182,164,1300,0,3.0
475,0,29,223,192,2900,2,19.0
476,1,51,113,171,2700,2,13.0
477,1,56,138,156,2600,0,7.0
478,0,62,269,172,1900,2,16.0
479,0,40,290,187,2700,2,28.0
480,1,38,280,149,2700,2,28.0
481,0,59,221,144,1600,2,25.0
482,0,30,296,157,2000,0,10.0
483,1,28,187,169,1300,2,3.0
484,1,22,199,155,2000,2,10.0
485,1,59,281,164,2300,2,17.0
486,0,56,210,155,2000,1,10.0
487,1,62,255,192,2100,0,27.0
488,0,32,238,164,2300,2,17.0
489,1,32,231,187,2000,0,10.0
490,0,28,297,188,2700,1,28.0
491,0,49,92,153,1500,1,23.0
492,0,33,140,154,2600,2,7.0
493,1,42,257,176,2900,0,19.0
494,1,51,278,144,2500,1,6.0
495,0,36,103,196,2400,2,21.0
496,1,33,177,191,2000,0,20.0
497,0,54,142,153,1800,1,22.0
498,0,61,170,179,1700,0,11.0
499,0,19,179,159,2400,1,5.0
500,0,60,267,194,1900,2,16.0
501,0,55,221,159,2800,1,0.0
502,1,61,154,150,2000,1,20.0
503,0,58,286,152,1900,1,16.0
504,1,30,208,164,1900,2,4.0
505,0,40,223,187,1400,2,26.0
506,1,30,233,175,2800,2,0.0
507,1,52,247,196,1800,0,16.0
508,1,43,291,147,2700,1,28.0
509,0,19,255,193,2500,1,6.0
510,0,18,104,145,2200,1,12.0
511,1,21,105,181,2300,2,12.0
512,1,56,145,171,1900,1,4.0
513,0,34,276,147,1200,1,18.0
514,0,26,116,184,2400,2,21.0
515,0,31,113,176,1600,0,1.0
516,1,35,114,164,1600,2,1.0
517,1,54,227,168,3000,1,19.0
518,0,49,277,141,2900,2,19.0
519,1,27,209,144,1300,2,3.0
520,1,36,291,141,2000,1,10.0
521,1,63,209,157,2400,2,5.0
522,0,25,280,170,1400,0,26.0
523,1,42,280,188,2700,1,28.0
524,1,35,205,177,1700,0,11.0
525,0,38,251,196,2200,1,2.0
526,1,47,239,162,2900,0,19.0
527,1,62,250,167,2600,1,14.0
528,0,44,195,159,1600,1,1.0
529,1,46,139,181,2200,2,12.0
530,1,22,284,140,1800,2,16.0
531,0,37,93,163,2600,1,7.0
532,0,41,159,171,1900,0,4.0
533,0,60,295,178,2800,0,0.0
534,0,63,299,194,2100,0,27.0
535,0,42,171,170,1300,2,3.0
536,1,61,157,186,2400,0,21.0
537,0,47,156,146,1700,0,11.0
538,1,31,171,185,2900,2,9.0
539,1,40,141,141,1900,2,4.0
540,0,62,167,166,1600,2,1.0
541,0,59,246,148,2500,0,6.0
542,1,28,148,171,2000,1,20.0
543,1,22,158,182,1300,2,3.0
544,0,49,112,199,2200,2,12.0
545,1,62,174,179,2600,0,7.0
546,1,35,285,194,2300,1,17.0
547,0,38,121,181,2800,1,29.0
548,1,23,148,193,2300,0,12.0
549,1,35,200,160,1400,2,24.0
550,0,44,202,158,2000,0,10.0
551,0,51,90,162,2000,1,20.0
552,0,30,267,175,1900,0,16.0
553,1,40,188,188,1400,0,24.0
554,1,25,97,141,1400,2,24.0
555,0,46,160,194,1800,2,22.0
556,1,47,122,151,1200,2,18.0
557,0,59,91,180,2000,0,20.0
558,0,52,124,190,1900,2,4.0
559,0,52,278,198,2600,0,14.0
560,1,18,206,156,1900,2,4.0
561,0,31,95,171,1800,2,22.0
562,1,32,197,192,2600,2,14.0
563,0,51,289,184,2900,0,19.0
564,1,48,119,153,1400,0,24.0
565,0,49,199,146,1200,1,18.0
566,1,39,278,174,1900,2,16.0
567,0,39,116,163,2300,1,12.0
568,0,28,244,162,2600,0,14.0
569,0,29,161,142,2900,0,9.0
570,0,44,129,184,1500,0,23.0
571,1,60,99,154,2700,0,13.0
572,1,59,200,170,1400,2,26.0
573,1,62,284,178,2900,1,19.0
574,0,62,150,166,2800,0,29.0
575,1,39,228,160,1300,0,3.0
576,0,60,296,145,1200,1,18.0
577,1,50,122,196,2100,1,15.0
578,1,44,193,173,2900,1,9.0
579,0,47,126,147,1900,1,4.0
580,0,23,205,194,1400,1,26.0
581,0,25,260,170,2900,0,19.0
582,0,38,190,180,1400,2,24.0
583,1,26,201,141,2200,0,2.0
584,0,43,161,192,1400,1,24.0
585,0,21,275,149,1500,0,8.0
586,0,41,279,155,1600,0,25.0
587,1,25,254,147,2300,0,17.0
588,1,57,150,152,2400,2,21.0
589,0,34,168,187,1200,0,18.0
590,1,21,220,152,2600,2,14.0
591,1,56,289,194,1300,0,3.0
592,0,56,280,161,1500,0,8.0
593,0,37,192,187,2400,1,5.0
594,0,35,277,170,2000,0,10.0
595,1,26,126,193,1300,2,3.0
596,0,21,131,166,1500,1,23.0
597,0,23,145,148,2800,1,29.0
598,0,22,153,172,2100,0,15.0
599,0,36,129,146,1800,0,22.0
600,1,42,217,144,2200,2,2.0
601,1,43,212,171,2000,0,10.0
602,0,41,102,191,2600,1,7.0
603,0,20,138,154,2800,0,29.0
604,1,40,294,196,2400,1,5.0
605,0,19,289,162,1600,2,25.0
606,1,29,140,154,2600,2,7.0
607,0,36,173,176,2900,0,9.0
608,0,40,118,195,2700,0,13.0
609,1,53,276,160,2200,0,2.0
610,1,30,92,182,1500,2,23.0
611,1,33,253,158,1200,2,18.0
612,1,18,205,160,2700,0,28.0
613,1,50,219,153,2500,2,6.0
614,0,43,118,179,2500,0,21.0
615,0,38,296,174,1700,0,25.0
616,1,40,259,159,2900,0,19.0
617,0,38,248,143,2700,2,28.0
618,0,23,190,186,1300,1,3.0
619,1,48,144,150,1500,2,23.0
620,0,43,279,165,2400,1,5.0
621,1,55,265,159,2600,2,14.0
622,0,47,224,156,2800,1,0.0
623,0,32,125,172,2700,1,13.0
624,0,62,201,164,2300,1,17.0
625,0,23,122,182,1800,1,22.0
626,0,47,175,162,1500,1,23.0
627,1,60,298,181,2700,1,28.0
628,0,32,259,149,1700,1,11.0
629,1,52,270,199,1700,0,11.0
630,1,48,156,159,2600,0,7.0
631,1,39,289,180,2400,0,5.0
632,1,49,167,166,1800,0,22.0
633,0,34,272,178,2200,0,2.0
634,0,18,101,196,1200,2,18.0
635,1,27,157,171,1800,2,22.0
636,1,38,164,165,2900,0,9.0
637,0,44,186,177,2800,0,29.0
638,0,18,137,151,1400,0,24.0
639,1,33,102,160,2600,1,7.0
640,1,45,221,143,1300,2,3.0
641,1,62,280,161,2200,0,2.0
642,1,37,263,178,2900,1,19.0
643,0,33,255,168,1700,2,11.0
644,1,39,200,160,1700,0,11.0
645,1,29,244,157,2300,1,17.0
646,0,22,145,177,2700,2,13.0
647,0,52,172,170,1600,0,1.0
648,0,52,159,148,2200,2,12.0
649,1,63,226,177,1500,0,8.0
650,0,63,253,192,2700,0,28.0
651,1,56,265,154,2900,0,19.0
652,1,41,143,184,2700,1,13.0
653,0,40,124,175,2200,2,12.0
654,0,40,223,185,1200,1,18.0
655,1,31,147,147,2800,0,29.0
656,0,20,294,199,1300,1,3.0
657,0,49,154,145,1400,0,24.0
658,1,47,270,170,2800,1,0.0
659,0,60,230,167,2600,0,14.0
660,0,27,171,196,2000,0,20.0
661,1,55,99,183,1500,2,23.0
662,1,60,286,177,2400,1,5.0
663,0,51,162,171,1500,2,23.0
664,1,48,172,153,2500,2,21.0
665,0,63,94,193,1800,2,22.0
666,1,43,192,148,2500,0,6.0
667,0,49,123,193,2500,1,21.0
668,1,57,95,199,2900,0,9.0
669,0,28,132,163,2400,2,21.0
670,1,22,129,146,1800,0,22.0
671,0,33,277,180,2300,0,17.0
672,1,45,156,178,2900,0,9.0
673,0,41,183,178,2600,2,14.0
674,1,57,281,189,2100,0,27.0
675,1,30,214,185,1600,1,25.0
676,0,40,136,163,2400,2,21.0
677,1,41,117,184,1800,1,22.0
678,0,27,265,142,1300,1,3.0
679,1,44,105,147,2900,2,9.0
680,1,40,188,173,2800,1,29.0
681,1,46,186,172,1900,2,4.0
682,0,60,202,153,1500,1,8.0
683,0,31,290,147,1700,1,25.0
684,1,56,111,185,2200,2,12.0
685,1,46,111,174,1900,2,4.0
686,0,59,187,184,1600,2,1.0
687,0,37,119,193,1800,2,22.0
688,1,18,144,163,1700,0,11.0
689,0,54,160,176,2400,2,21.0
690,0,30,253,148,1300,1,3.0
691,0,52,189,192,2700,0,28.0
692,0,55,282,166,1200,1,18.0
693,1,60,285,142,1700,0,25.0
694,1,46,212,152,1400,2,26.0
695,0,45,136,172,1500,0,23.0
696,1,37,144,158,2300,2,12.0
697,0,24,208,178,2400,0,5.0
698,1,52,106,164,2300,0,12.0
699,0,31,104,175,2200,0,12.0
700,1,24,209,195,2300,1,17.0
701,1,26,195,171,2100,0,15.0
702,0,35,111,144,1600,1,1.0
703,1,45,123,168,2100,1,15.0
704,1,50,199,161,2300,1,17.0
705,0,33,255,164,2300,1,17.0
706,1,37,198,159,1500,1,8.0
707,0,55,272,150,1400,0,26.0
708,0,19,287,141,2400,2,5.0
709,1,30,118,170,2100,0,15.0
710,0,37,226,172,2300,1,17.0
711,1,22,257,165,3000,2,19.0
712,0,48,234,161,2200,2,2.0
713,0,60,266,163,1300,1,3.0
714,0,63,242,148,1600,1,25.0
715,1,28,143,184,2300,0,12.0
716,1,29,276,194,2200,1,2.0
717,1,18,204,170,2800,0,0.0
718,0,20,126,144,1900,0,4.0
719,0,62,171,165,2800,0,29.0
720,0,44,178,140,1800,2,22.0
721,0,46,183,151,2800,1,29.0
722,1,41,191,152,1500,1,23.0
723,0,22,175,159,2300,1,17.0
724,0,37,277,141,2100,1,27.0
725,1,33,240,166,2800,2,0.0
726,0,47,250,151,2100,2,27.0
727,1,55,185,149,1900,1,4.0
728,1,29,96,175,2800,0,29.0
729,0,32,186,153,2800,2,29.0
730,0,55,285,168,2500,0,6.0
731,0,31,298,174,2300,0,17.0
732,1,29,164,177,2500,1,21.0
733,1,26,257,169,1900,1,16.0
734,1,36,271,162,1300,1,3.0
735,0,30,290,196,1900,1,16.0
736,1,60,170,199,2000,1,20.0
737,0,52,205,168,2200,2,2.0
738,1,34,137,171,1300,2,3.0
739,0,57,162,140,1900,2,4.0
740,0,42,143,192,2700,2,13.0
741,1,21,152,196,1300,0,3.0
742,1,49,90,180,2800,1,29.0
743,1,51,161,159,2000,1,20.0
744,0,23,197,149,1900,0,4.0
745,0,59,111,176,2300,0,12.0
746,1,49,201,159,1700,0,11.0
747,0,57,143,177,2400,1,21.0
748,0,62,121,179,1500,2,23.0
749,1,56,210,192,2500,2,6.0
750,0,51,242,160,1500,0,8.0
751,1,39,223,195,2500,2,6.0
752,0,57,112,194,2900,2,9.0
753,0,20,275,175,1400,1,26.0
754,0,46,279,164,2300,1,17.0
755,1,41,170,184,1400,0,24.0
756,1,49,218,169,2300,2,17.0
757,1,48,190,178,2900,2,9.0
758,1,34,127,159,2800,1,29.0
759,0,43,234,182,2600,0,14.0
760,1,61,168,145,1700,2,11.0
761,1,28,128,199,2000,1,20.0
762,1,49,112,174,1700,0,11.0
763,1,25,224,183,2800,2,0.0
764,0,61,167,180,1900,1,4.0
765,0,31,93,158,2600,1,7.0
766,0,53,96,150,1500,1,23.0
767,0,55,141,198,1600,0,1.0
768,0,18,115,141,2000,0,20.0
769,1,51,241,151,1500,2,8.0
770,0,59,110,173,2700,2,13.0
771,0,41,184,143,3000,1,19.0
772,0,35,262,170,2400,1,5.0
773,0,40,105,151,1300,0,3.0
774,1,58,123,191,1800,2,22.0
775,0,54,294,140,2400,0,5.0
776,1,33,251,172,2200,0,2.0
777,0,51,245,145,1600,2,25.0
778,0,62,151,178,2900,2,9.0
779,1,22,294,151,2700,2,28.0
780,0,63,168,163,2900,0,9.0
781,0,35,97,194,1600,2,1.0
782,0,54,97,169,1600,1,1.0
783,1,39,138,181,1700,0,11.0
784,1,53,289,163,2600,2,14.0
785,1,40,237,187,3000,0,19.0
786,1,48,206,177,1700,2,11.0
787,0,35,140,175,2600,0,7.0
788,0,32,132,184,2300,2,12.0
789,1,35,247,140,2200,2,2.0
790,1,19,234,167,1900,1,16.0
791,1,36,236,187,1500,0,8.0
792,1,41,104,159,2700,1,13.0
793,1,50,253,178,2100,2,27.0
794,1,60,239,173,2100,0,27.0
795,1,56,154,182,1700,0,11.0
796,0,56,187,160,1200,2,18.0
797,0,23,272,160,2100,2,27.0
798,0,49,214,191,2700,0,28.0
799,0,54,215,143,1800,2,22.0
800,1,61,179,157,1400,1,24.0
801,1,41,155,162,2700,1,13.0
802,0,30,243,155,1800,0,16.0
803,1,20,120,172,1700,2,11.0
804,1,45,97,174,2800,0,29.0
805,1,44,105,171,2300,2,12.0
806,0,44,205,159,2200,0,2.0
807,0,43,177,194,1900,2,4.0
808,1,37,193,159,2400,0,5.0
809,0,39,295,199,2000,2,10.0
810,1,49,210,193,1400,0,26.0
811,1,40,133,179,1600,2,1.0
812,1,50,127,187,1700,1,11.0
813,0,28,132,167,2600,2,7.0
814,1,34,297,159,2500,0,6.0
815,0,55,271,183,2900,1,19.0
816,0,41,233,185,2400,1,5.0
817,0,38,94,165,3000,1,9.0
818,1,47,177,188,2900,2,9.0
819,0,35,125,191,1800,2,22.0
820,1,53,285,158,2100,1,27.0
821,1,34,147,158,2400,0,21.0
822,1,18,205,159,1600,0,25.0
823,0,37,104,182,1500,1,23.0
824,0,49,220,156,2200,1,2.0
825,1,29,181,145,1500,2,23.0
826,1,26,246,190,2400,2,5.0
827,1,54,238,185,2600,1,14.0
828,0,46,128,195,2500,2,21.0
829,0,38,182,155,2100,2,15.0
830,1,56,114,165,2200,0,12.0
831,0,22,209,160,2600,1,14.0
832,1,53,131,198,1800,1,22.0
833,0,54,128,191,2300,0,12.0
834,0,42,181,172,2900,2,9.0
835,0,19,123,167,1700,0,11.0
836,1,30,255,142,2500,0,6.0
837,1,59,198,188,1400,0,24.0
838,1,61,113,191,1200,1,18.0
839,0,45,242,189,1800,2,16.0
840,1,32,206,170,2400,1,5.0
841,0,53,242,142,2900,0,19.0
842,1,32,155,166,2800,0,29.0
843,0,63,219,188,1700,2,11.0
844,1,39,175,169,2600,2,7.0
845,1,34,155,188,1200,0,18.0
846,0,56,188,197,2100,1,15.0
847,0,43,295,176,2500,1,6.0
848,0,44,204,194,2300,1,17.0
849,0,51,91,179,1700,2,11.0
850,0,29,103,166,1800,1,22.0
851,0,36,187,147,2600,1,14.0
852,0,53,157,179,2600,0,7.0
853,1,22,166,181,1400,2,24.0
854,0,54,177,159,1400,1,24.0
855,0,46,114,186,2100,0,15.0
856,1,60,119,177,2900,0,9.0
857,1,50,269,153,2200,1,2.0
858,1,48,195,141,2100,1,15.0
859,0,35,160,182,1800,1,22.0
860,0,55,227,160,2100,0,27.0
861,1,54,218,161,2300,2,17.0
862,0,42,171,191,1400,0,24.0
863,1,48,254,176,1200,0,18.0
864,0,57,137,167,1200,2,18.0
865,1,19,199,160,2600,1,14.0
866,0,34,131,193,2300,2,12.0
867,1,47,237,155,3000,1,19.0
868,1,55,133,162,2300,0,12.0
869,0,47,119,182,2600,1,7.0
870,0,61,197,195,1500,2,8.0
871,0,31,149,183,1800,0,22.0
872,0,18,183,188,2600,0,14.0
873,1,21,163,168,2800,2,29.0
874,0,46,158,184,1300,2,3.0
875,0,29,275,197,2000,2,10.0
876,1,22,229,154,1200,2,18.0
877,0,23,290,181,1500,2,8.0
878,0,49,179,172,2200,2,2.0
879,0,57,196,151,2800,2,0.0
880,1,25,298,155,2600,0,14.0
881,0,45,226,192,2600,2,14.0
882,1,40,157,179,2100,2,15.0
883,0,35,194,193,1600,2,1.0
884,1,36,125,187,1800,1,22.0
885,0,49,265,153,2700,0,28.0
886,1,24,108,180,3000,0,9.0
887,1,51,290,176,2400,2,5.0
888,0,45,109,154,1600,2,1.0
889,1,29,118,157,1500,0,23.0
890,1,29,252,184,1700,2,11.0
891,0,19,120,154,1200,1,18.0
892,0,22,195,146,2100,2,27.0
893,1,18,254,155,2400,0,5.0
894,0,61,259,163,1600,0,25.0
895,1,45,290,193,2800,1,0.0
896,1,34,249,163,2600,1,14.0
897,0,26,196,177,1300,2,3.0
898,0,59,255,146,1600,1,25.0
899,0,40,229,144,1900,1,16.0
900,1,25,180,142,2300,0,17.0
901,1,34,243,183,1600,0,25.0
902,0,27,91,195,2700,1,13.0
903,1,34,259,164,2000,2,10.0
904,0,34,203,148,2400,2,5.0
905,1,41,230,185,1500,0,8.0
906,0,45,109,168,2500,2,21.0
907,1,40,248,141,1800,1,16.0
908,1,38,293,144,2800,0,0.0
909,1,39,197,178,1700,1,11.0
910,0,40,105,168,2600,0,7.0
911,0,20,181,145,2400,0,5.0
912,1,63,192,175,1200,0,18.0
913,0,42,266,179,2900,0,19.0
914,0,63,195,141,3000,0,19.0
915,0,54,244,160,2000,1,10.0
916,1,34,178,197,2800,2,29.0
917,0,26,107,174,1600,0,1.0
918,0,25,177,158,2000,2,20.0
919,1,51,142,197,2400,2,21.0
920,0,18,97,164,2600,2,7.0
921,0,48,298,188,1700,1,25.0
922,1,34,142,181,3000,0,9.0
923,1,49,92,147,2900,0,9.0
924,1,52,265,150,1200,2,18.0
925,1,58,284,160,1200,0,18.0
926,1,49,239,195,2700,1,28.0
927,1,35,221,157,2600,0,14.0
928,0,52,183,187,2200,0,2.0
929,1,31,188,168,2900,1,9.0
930,1,57,188,181,2600,0,14.0
931,1,40,209,144,2100,0,27.0
932,1,38,245,198,1400,2,26.0
933,1,43,299,167,2800,1,0.0
934,1,19,135,140,2900,0,9.0
935,0,24,218,187,1700,1,11.0
936,0,20,137,165,1900,1,4.0
937,1,58,187,181,1400,0,24.0
938,1,43,259,181,2400,1,5.0
939,0,59,133,178,2800,0,29.0
940,1,43,101,177,1500,1,23.0
941,1,49,147,198,1400,1,24.0
942,0,36,299,148,2000,2,10.0
943,1,21,254,198,1900,0,16.0
944,0,56,90,182,2700,1,13.0
945,1,34,110,177,2100,1,15.0
946,0,43,283,179,2400,0,5.0
947,1,47,270,169,2700,2,28.0
948,1,32,149,156,1700,2,11.0
949,0,42,131,153,2700,1,13.0
950,0,25,249,191,2500,1,6.0
951,0,50,225,170,2700,1,28.0
952,0,23,90,152,2400,1,21.0
953,1,55,93,172,2500,0,21.0
954,0,41,188,141,1900,1,4.0
955,1,18,201,161,2100,0,27.0
956,0,38,202,148,1800,0,22.0
957,1,38,115,174,2200,0,12.0
958,1,55,217,151,1400,1,26.0
959,1,59,289,161,2700,1,28.0
960,1,61,194,181,2500,1,6.0
961,0,57,297,180,1400,2,26.0
962,0,57,107,192,2800,1,29.0
963,1,35,249,183,1800,1,16.0
964,0,57,148,169,1300,2,3.0
965,1,36,166,177,1400,1,24.0
966,0,19,251,175,2700,2,28.0
967,1,44,94,159,1200,0,18.0
968,0,22,216,176,2000,2,10.0
969,1,45,243,151,2800,1,0.0
970,0,39,146,190,1400,1,24.0
971,0,32,189,160,2300,2,17.0
972,1,25,121,164,2200,0,12.0
973,0,50,248,174,2200,0,2.0
974,0,36,236,164,2500,2,6.0
975,0,40,95,186,2400,1,21.0
976,0,19,265,168,2500,1,6.0
977,0,21,276,173,1300,2,3.0
978,1,21,219,155,1300,0,3.0
979,1,33,182,164,2300,1,17.0
980,1,55,106,192,2900,0,9.0
981,1,30,104,167,2300,0,12.0
982,0,40,279,186,2600,1,14.0
983,0,37,104,170,2200,2,12.0
984,0,62,104,144,2600,1,7.0
985,1,59,104,177,2000,1,20.0
986,0,19,111,195,2500,2,21.0
987,1,44,212,182,2000,1,10.0
988,1,51,101,166,2000,0,20.0
989,0,41,198,142,2900,1,19.0
990,0,24,215,180,1900,1,4.0
991,0,38,174,154,1300,0,3.0
992,0,27,127,171,2200,2,12.0
993,1,51,193,182,2600,0,14.0
994,1,53,176,174,1900,1,4.0
995,0,51,217,182,2400,1,5.0
996,1,55,199,150,1800,1,22.0
997,1,38,151,196,1400,0,24.0
998,1,38,255,161,1500,1,8.0
999,1,54,177,183,2200,0,2.0
1000,0,63,221,157,1200,2,18.0
1001,0,41,99,194,1400,0,24.0
1002,1,33,153,159,2200,0,12.0
1003,0,38,282,155,1900,2,16.0
1004,1,51,259,183,1400,0,26.0
1005,1,26,274,176,2400,2,5.0
1006,1,33,188,163,3000,1,19.0
1007,0,60,191,173,1600,1,1.0
1008,0,49,297,155,1300,0,3.0
1009,1,25,241,164,2500,2,6.0
1010,1,60,220,146,3000,2,19.0
1011,1,23,196,184,2500,1,6.0
1012,0,58,199,196,3000,2,19.0
1013,1,57,297,144,2200,0,2.0
1014,0,24,263,164,1600,0,25.0
1015,1,19,197,164,2300,0,17.0
1016,1,62,218,152,2400,0,5.0
1017,1,56,91,162,1900,0,4.0
1018,1,39,183,148,2800,0,29.0
1019,0,56,278,162,1500,0,8.0
1020,1,24,275,169,1400,0,26.0
1021,0,41,179,198,2000,1,20.0
1022,0,42,253,195,2700,1,28.0
1023,1,25,130,144,2200,0,12.0
1024,0,36,98,148,1200,1,18.0
1025,0,61,189,147,1200,0,18.0
1026,0,63,254,185,2100,1,27.0
1027,0,37,226,192,2500,2,6.0
1028,0,22,222,169,2700,2,28.0
1029,1,61,279,172,1600,2,25.0
1030,1,50,105,148,2500,2,21.0
1031,0,61,91,150,2100,2,15.0
1032,1,61,159,161,2800,1,29.0
1033,0,38,107,153,1400,0,24.0
1034,1,18,179,176,1800,0,22.0
1035,1,18,232,183,1600,2,25.0
1036,1,62,185,181,2900,1,9.0
1037,0,36,246,165,1600,0,25.0
1038,1,57,104,177,3000,2,9.0
1039,0,30,239,193,2400,0,5.0
1040,0,35,268,159,1500,0,8.0
1041,1,20,280,152,2500,2,6.0
1042,1,59,107,143,1600,0,1.0
1043,0,29,157,194,1600,0,1.0
1044,1,20,274,188,3000,1,19.0
1045,0,41,170,154,2400,2,21.0
1046,0,28,262,172,2900,1,19.0
1047,0,43,267,143,2600,2,14.0
1048,0,41,229,157,2900,0,19.0
1049,0,48,232,153,1700,0,11.0
1050,0,61,107,153,2400,0,21.0
1051,1,27,93,197,2500,1,21.0
1052,0,28,207,188,2100,0,27.0
1053,1,26,133,170,2300,2,12.0
1054,0,57,274,141,2400,0,5.0
1055,0,40,104,172,1800,1,22.0
1056,0,27,272,172,1700,1,11.0
1057,1,36,277,166,2600,2,14.0
1058,1,36,150,197,2200,0,12.0
1059,1,45,298,165,2600,1,14.0
1060,0,49,105,156,1400,2,24.0
1061,1,46,172,162,2200,2,12.0
1062,1,60,266,197,1500,0,8.0
1063,0,31,279,159,2600,2,14.0
1064,1,31,148,154,2300,2,12.0
1065,1,61,154,186,3000,1,9.0
1066,0,33,247,171,1800,1,16.0
1067,1,56,289,189,2200,0,2.0
1068,0,30,241,192,1700,1,11.0
1069,1,40,284,143,1200,2,18.0
1070,1,27,161,175,1800,0,22.0
1071,0,52,127,175,2200,2,12.0
1072,1,22,154,193,2900,1,9.0
1073,1,32,168,159,2100,1,15.0
1074,0,20,191,166,1400,2,24.0
1075,1,46,229,178,1700,1,11.0
1076,1,28,189,151,2100,2,15.0
1077,0,47,192,162,1700,2,11.0
1078,0,50,234,188,2700,0,28.0
1079,0,35,117,143,2500,0,21.0
1080,1,36,159,186,2600,0,7.0
1081,0,35,94,140,2400,0,21.0
1082,0,53,227,155,2200,0,2.0
1083,1,55,99,182,1600,2,1.0
1084,1,39,180,191,1300,2,3.0
1085,0,47,215,169,1600,2,25.0
1086,0,54,105,161,3000,0,9.0
1087,0,54,121,188,1900,1,4.0
1088,1,18,180,164,1500,1,23.0
1089,0,49,282,160,2200,1,2.0
1090,0,21,247,154,1500,2,8.0
1091,0,23,104,194,1800,1,22.0
1092,0,53,93,194,2600,2,7.0
1093,1,35,275,146,1500,2,8.0
1094,0,57,115,186,2000,0,20.0
1095,0,38,258,170,1200,2,18.0
1096,0,42,146,182,1900,0,4.0
1097,0,23,286,172,1400,1,26.0
1098,1,37,122,162,2500,2,21.0
1099,0,27,112,183,1800,1,22.0
1100,0,45,142,157,1600,1,1.0
1101,0,20,225,156,1300,2,3.0
1102,1,49,289,186,2100,1,27.0
1103,1,38,267,166,1600,1,25.0
1104,0,61,139,150,2900,2,9.0
1105,1,56,123,172,2000,2,20.0
1106,1,57,125,175,1400,2,24.0
1107,1,34,172,140,1400,2,24.0
1108,1,41,98,158,2000,0,20.0
1109,1,41,199,177,2400,1,5.0
1110,1,34,117,181,2500,2,21.0
1111,1,46,102,177,1500,2,23.0
1112,0,51,246,166,2700,0,28.0
1113,1,56,240,168,2900,1,19.0
1114,1,46,252,140,2100,1,27.0
1115,1,24,234,194,2700,2,28.0
1116,0,60,96,150,2100,2,15.0
1117,0,40,251,151,1700,2,11.0
1118,1,48,150,190,2900,1,9.0
1119,0,26,186,141,1700,0,11.0
1120,1,34,119,158,2400,1,21.0
1121,1,51,105,192,2600,2,7.0
1122,0,56,130,192,1500,0,23.0
1123,0,26,208,193,1500,2,8.0
1124,1,61,292,166,2300,2,17.0
1125,1,49,200,182,2600,0,14.0
1126,0,51,133,196,2800,1,29.0
1127,1,54,132,180,1700,2,11.0
1128,1,26,178,147,1800,0,22.0
1129,1,60,291,150,1900,2,16.0
1130,1,50,210,150,1300,2,3.0
1131,0,59,147,169,3000,0,9.0
1132,1,60,134,140,2200,2,12.0
1133,0,51,181,155,2200,1,2.0
1134,0,59,273,158,2600,2,14.0
1135,0,21,286,145,2700,0,28.0
1136,1,27,233,192,2600,0,14.0
1137,0,42,168,182,2800,0,29.0
1138,0,54,266,170,2600,1,14.0
1139,1,59,133,188,1600,2,1.0
1140,0,29,130,157,1400,1,24.0
1141,0,25,250,164,2300,1,17.0
1142,1,18,299,154,1400,0,26.0
1143,1,35,225,178,2000,2,10.0
1144,0,57,154,147,1400,0,24.0
1145,0,60,266,188,2000,2,10.0
1146,0,50,196,146,2200,0,2.0
1147,0,28,121,146,1300,0,3.0
1148,0,46,288,177,2300,2,17.0
1149,1,58,139,144,2700,0,13.0
1150,0,53,229,170,2000,2,10.0
1151,0,58,248,197,2600,2,14.0
1152,0,31,215,195,2800,2,0.0
1153,1,25,252,180,1700,0,11.0
1154,1,30,149,167,1300,1,3.0
1155,1,26,91,185,2300,1,12.0
1156,0,53,210,182,2600,2,14.0
1157,0,52,188,166,1600,1,1.0
1158,0,19,184,152,1200,2,18.0
1159,1,24,163,188,2100,1,15.0
1160,1,49,151,167,1800,0,22.0
1161,0,47,145,167,1900,0,4.0
1162,1,53,168,191,2100,1,15.0
1163,0,41,137,150,1400,1,24.0
1164,1,63,192,172,2100,1,15.0
1165,0,35,287,160,2500,2,6.0
1166,1,46,180,166,2400,0,5.0
1167,1,24,216,160,2900,2,19.0
1168,0,30,132,191,2700,2,13.0
1169,1,18,298,148,1300,1,3.0
1170,1,41,251,149,2200,0,2.0
1171,0,53,110,143,2500,0,21.0
1172,1,49,122,196,1500,2,23.0
1173,1,55,147,185,2600,1,7.0
1174,1,49,166,143,1200,1,18.0
1175,0,41,219,178,1500,1,8.0
1176,1,48,175,186,1200,2,18.0
1177,1,57,208,171,2300,2,17.0
1178,0,30,181,142,2500,1,6.0
1179,1,23,250,142,1400,2,26.0
1180,1,50,217,197,2100,1,27.0
1181,1,25,106,198,2700,1,13.0
1182,1,46,129,166,2700,1,13.0
1183,0,63,238,193,3000,0,19.0
1184,1,25,195,196,1700,2,11.0
1185,0,37,260,167,2700,1,28.0
1186,1,63,155,198,2500,2,21.0
1187,0,20,263,195,1900,2,16.0
1188,1,22,223,158,2400,2,5.0
1189,0,56,92,194,2700,2,13.0
1190,1,18,214,184,1400,1,26.0
1191,1,47,285,148,2400,0,5.0
1192,1,44,129,199,1300,0,3.0
1193,1,57,173,151,2500,2,21.0
1194,1,39,208,194,2600,1,14.0
1195,1,47,101,191,2100,1,15.0
1196,0,27,209,176,2900,0,19.0
1197,0,32,164,145,2000,2,20.0
1198,0,37,177,177,2400,0,5.0
1199,0,57,161,192,2000,0,20.0
1200,0,41,192,163,1200,1,18.0
1201,1,24,169,172,2000,2,20.0
1202,0,35,125,166,1500,1,23.0
1203,0,52,275,182,1300,2,3.0
1204,1,57,165,162,2700,0,13.0
1205,0,18,258,179,1400,1,26.0
1206,0,36,269,154,1800,2,16.0
1207,1,54,299,141,2300,2,17.0
1208,1,54,193,175,2900,1,9.0
1209,1,20,108,143,2700,2,13.0
1210,0,62,275,140,2500,0,6.0
1211,0,60,240,197,2100,0,27.0
1212,1,54,236,183,2200,1,2.0
1213,0,51,261,161,1800,1,16.0
1214,0,47,124,191,1500,1,23.0
1215,0,58,292,147,2000,0,10.0
1216,1,59,147,189,2900,1,9.0
1217,1,40,103,144,1600,1,1.0
1218,0,41,255,182,1700,1,11.0
1219,0,38,201,199,1900,0,4.0
1220,0,46,293,194,2800,0,0.0
1221,1,46,114,187,1400,1,24.0
1222,1,41,211,197,1200,1,18.0
1223,1,55,92,174,2300,1,12.0
1224,1,59,131,182,1700,2,11.0
1225,0,18,107,156,2800,2,29.0
1226,1,30,154,183,1500,2,23.0
1227,1,45,192,152,2100,1,15.0
1228,1,24,255,182,2600,1,14.0
1229,0,19,107,187,2400,1,21.0
1230,1,27,218,172,2300,2,17.0
1231,0,42,108,191,2200,0,12.0
1232,1,54,240,146,2900,1,19.0
1233,1,29,237,178,2800,1,0.0
1234,0,28,205,172,1900,0,4.0
1235,0,25,235,140,2200,0,2.0
1236,1,36,227,194,2500,0,6.0
1237,0,36,222,169,2200,1,2.0
1238,0,46,192,168,1500,1,23.0
1239,1,49,247,170,2100,0,27.0
1240,1,26,299,143,2800,1,0.0
1241,0,61,285,167,1500,1,8.0
1242,0,18,141,156,2700,2,13.0
1243,0,53,252,148,1900,1,16.0
1244,1,33,234,174,3000,1,19.0
1245,1,26,247,173,2000,1,10.0
1246,0,58,277,140,1200,0,18.0
1247,0,59,134,158,2400,1,21.0
1248,0,38,292,153,2600,0,14.0
1249,1,38,190,161,2600,0,14.0
1250,1,57,205,157,2000,1,10.0
1251,0,56,199,162,2800,1,0.0
1252,0,53,182,148,2500,1,6.0
1253,0,42,257,168,1700,1,11.0
1254,0,22,246,154,2600,0,14.0
1255,1,52,238,149,1400,1,26.0
1256,0,24,203,141,1900,1,4.0
1257,0,38,202,163,2600,1,14.0
1258,1,62,183,152,1300,2,3.0
1259,1,62,123,171,2900,2,9.0
1260,0,42,199,197,2400,0,5.0
1261,1,53,267,152,1200,2,18.0
1262,0,38,196,152,2100,1,27.0
1263,0,38,142,163,1500,1,23.0
1264,1,21,279,150,2200,2,2.0
1265,1,33,139,182,1700,2,11.0
1266,0,40,91,171,1900,1,4.0
1267,1,24,161,143,1700,1,11.0
1268,1,23,230,170,2700,2,28.0
1269,1,55,225,194,1300,1,3.0
1270,0,57,93,148,1500,1,23.0
1271,1,62,255,167,1900,0,16.0
1272,0,62,269,183,3000,0,19.0
1273,1,22,95,162,1900,0,4.0
1274,1,34,282,198,2600,0,14.0
1275,0,35,207,165,2100,0,27.0
1276,0,23,173,181,1800,0,22.0
1277,1,56,186,187,2700,0,28.0
1278,0,33,295,175,1900,0,16.0
1279,0,56,120,147,1600,1,1.0
1280,0,36,247,148,2100,0,27.0
1281,0,48,189,190,2300,1,17.0
1282,1,44,121,167,1500,2,23.0
1283,1,53,142,185,2300,2,12.0
1284,1,33,294,177,1800,1,16.0
1285,0,35,177,154,2100,1,15.0
1286,0,31,158,184,2800,0,29.0
1287,1,60,227,198,1600,0,25.0
1288,0,60,256,176,1600,0,25.0
1289,0,45,287,165,2400,0,5.0
1290,1,52,128,191,2800,1,29.0
1291,0,38,192,151,2700,0,28.0
1292,1,51,263,163,1800,2,16.0
1293,1,19,219,191,1600,1,25.0
1294,1,51,217,170,1500,0,8.0
1295,0,21,156,181,2300,0,12.0
1296,1,51,254,155,1900,1,16.0
1297,1,61,189,147,2800,1,29.0
1298,0,52,141,154,1400,2,24.0
1299,1,42,133,158,1300,2,3.0
1300,1,22,291,167,1800,0,16.0
1301,1,43,250,172,1700,0,11.0
1302,0,36,189,195,2100,2,15.0
1303,0,62,94,142,1600,2,1.0
1304,1,48,247,178,1400,1,26.0
1305,0,32,95,154,1400,1,24.0
1306,1,52,220,150,2300,1,17.0
1307,1,53,185,163,2700,0,28.0
1308,1,50,232,196,2300,2,17.0
1309,1,31,218,149,1600,2,25.0
1310,1,45,192,195,2000,1,10.0
1311,0,62,138,181,1600,1,1.0
1312,1,57,287,173,2900,1,19.0
1313,1,51,143,154,2100,0,15.0
1314,0,53,296,195,2900,1,19.0
1315,1,46,129,147,2000,2,20.0
1316,0,62,126,162,1800,1,22.0
1317,1,42,281,160,2800,1,0.0
1318,0,24,286,153,2600,0,14.0
1319,0,36,123,159,1300,1,3.0
1320,0,60,158,199,1400,2,24.0
1321,1,59,99,171,2400,1,21.0
1322,1,22,203,141,1900,2,4.0
1323,1,21,159,164,1600,0,1.0
1324,1,27,106,173,2300,2,12.0
1325,1,30,280,196,2600,1,14.0
1326,0,39,256,183,3000,1,19.0
1327,1,31,253,186,1600,2,25.0
1328,0,29,274,142,2100,0,27.0
1329,1,46,170,154,1200,0,18.0
1330,0,23,263,194,2300,0,17.0
1331,0,41,90,179,1400,1,24.0
1332,0,29,117,163,2000,1,20.0
1333,0,45,173,178,1300,2,3.0
1334,0,40,251,190,1300,1,3.0
1335,1,33,279,160,1300,0,3.0
1336,0,59,295,193,2000,0,10.0
1337,0,43,104,143,2700,0,13.0
1338,0,32,207,186,2300,1,17.0
1339,1,23,90,176,1300,1,3.0
1340,1,37,214,170,2200,2,2.0
1341,1,45,116,155,2200,2,12.0
1342,1,60,183,167,1900,2,4.0
1343,1,62,150,183,2700,1,13.0
1344,1,28,197,170,2500,1,6.0
1345,0,42,272,190,2400,1,5.0
1346,1,45,170,159,1800,0,22.0
1347,1,32,297,167,2900,1,19.0
1348,1,61,168,169,2400,0,21.0
1349,1,24,118,143,2800,0,29.0
1350,1,42,207,187,2200,2,2.0
1351,0,29,132,165,2800,2,29.0
1352,0,19,230,170,1600,1,25.0
1353,1,39,109,159,2700,2,13.0
1354,0,29,246,168,1300,0,3.0
1355,0,25,247,163,1900,0,16.0
1356,1,43,188,160,2700,1,28.0
1357,0,52,114,182,1500,1,23.0
1358,0,60,216,149,2000,1,10.0
1359,1,58,298,168,2800,2,0.0
1360,0,45,269,151,2100,1,27.0
1361,0,21,175,185,2700,1,28.0
1362,0,54,252,148,2100,1,27.0
1363,1,24,96,161,2300,2,12.0
1364,0,39,239,187,2000,0,10.0
1365,0,37,136,197,2800,2,29.0
1366,0,22,137,161,1900,1,4.0
1367,0,30,121,194,2900,0,9.0
1368,0,55,186,197,1500,1,23.0
1369,0,54,290,175,1800,2,16.0
1370,0,34,198,166,1900,2,4.0
1371,1,54,295,140,1500,2,8.0
1372,1,63,176,176,1900,1,4.0
1373,1,61,117,151,2000,1,20.0
1374,1,41,149,164,2400,2,21.0
1375,0,58,249,176,2000,2,10.0
1376,1,23,181,189,2300,1,17.0
1377,0,33,160,164,1900,0,4.0
1378,0,61,142,173,2500,0,21.0
1379,1,49,126,167,1400,0,24.0
1380,0,63,238,188,2700,0,28.0
1381,1,63,151,173,2000,1,20.0
1382,0,27,128,164,1500,1,23.0
1383,0,46,122,196,2300,2,12.0
1384,1,22,248,146,2000,1,10.0
1385,1,63,263,164,2000,1,10.0
1386,1,29,170,174,2000,2,20.0
1387,1,62,182,179,2300,1,17.0
1388,0,60,134,160,1600,1,1.0
1389,0,55,291,171,1400,0,26.0
1390,1,63,163,161,2800,1,29.0
1391,1,26,122,147,1600,1,1.0
1392,0,37,100,188,1800,0,22.0
1393,0,39,223,153,3000,2,19.0
1394,1,30,202,194,1600,0,25.0
1395,0,59,126,157,2100,0,15.0
1396,0,21,271,197,2000,2,10.0
1397,1,29,130,193,1600,1,1.0
1398,1,21,135,199,2600,2,7.0
1399,0,61,141,163,1700,2,11.0
1400,0,60,244,157,1300,1,3.0
1401,0,40,177,147,2000,0,20.0
1402,1,55,167,161,3000,1,9.0
1403,0,49,178,166,3000,1,9.0
1404,0,32,226,196,2600,2,14.0
1405,0,18,254,191,2600,0,14.0
1406,1,24,91,149,2700,0,13.0
1407,0,48,257,191,2000,0,10.0
1408,1,45,129,199,1300,0,3.0
1409,1,36,142,145,1400,2,24.0
1410,1,37,172,177,1300,1,3.0
1411,0,37,244,183,1700,2,11.0
1412,1,63,105,191,2900,2,9.0
1413,0,38,186,188,1800,1,22.0
1414,1,32,202,164,2200,1,2.0
1415,1,54,228,156,1700,0,11.0
1416,1,53,278,140,3000,2,19.0
1417,1,29,140,157,2600,2,7.0
1418,1,49,247,187,2600,2,14.0
1419,0,23,264,147,2300,1,17.0
1420,0,48,117,159,2900,0,9.0
1421,0,21,126,150,1300,2,3.0
1422,0,32,132,155,2000,2,20.0
1423,0,41,166,185,2300,2,17.0
1424,0,59,200,143,1900,1,4.0
1425,0,55,141,147,2700,0,13.0
1426,0,27,144,145,1700,1,11.0
1427,1,22,166,141,1700,0,11.0
1428,1,20,255,199,1500,2,8.0
1429,1,38,102,173,2300,0,12.0
1430,0,55,240,140,1700,0,11.0
1431,0,34,243,190,2100,2,27.0
1432,0,48,176,142,2800,2,29.0
1433,0,60,187,187,1900,1,4.0
1434,1,19,108,161,2300,1,12.0
1435,0,54,209,149,2000,2,10.0
1436,1,60,183,155,2000,0,20.0
1437,1,52,143,188,2700,0,13.0
1438,0,21,248,144,1300,1,3.0
1439,0,48,112,190,1800,1,22.0
1440,0,63,257,151,2100,0,27.0
1441,1,61,209,165,1700,1,11.0
1442,0,19,271,179,2200,1,2.0
1443,1,45,102,173,2800,2,29.0
1444,0,21,159,157,1700,2,11.0
1445,0,39,182,159,2900,1,9.0
1446,1,48,114,149,2500,2,21.0
1447,1,20,294,163,2300,2,17.0
1448,1,51,110,179,2600,1,7.0
1449,0,47,280,185,2300,0,17.0
1450,0,39,260,174,2100,0,27.0
1451,0,62,259,193,2000,1,10.0
1452,0,46,166,156,2300,1,17.0
1453,0,60,95,168,1500,1,23.0
1454,0,24,259,192,2500,1,6.0
1455,0,30,204,148,2600,2,14.0
1456,1,43,132,189,2300,0,12.0
1457,0,43,155,147,1600,2,1.0
1458,1,36,279,176,1600,2,25.0
1459,1,37,228,190,1500,0,8.0
1460,0,36,256,185,3000,2,19.0
1461,0,57,127,194,1500,1,23.0
1462,1,27,92,186,2400,1,21.0
1463,0,51,165,199,1500,0,23.0
1464,1,41,130,163,2300,2,12.0
1465,1,29,119,171,2900,1,9.0
1466,1,26,156,170,2100,1,15.0
1467,1,48,270,170,2200,1,2.0
1468,0,26,185,178,2200,1,2.0
1469,1,53,228,192,2300,0,17.0
1470,0,55,173,172,2100,0,15.0
1471,1,57,108,168,1200,1,18.0
1472,1,20,149,196,2400,1,21.0
1473,1,27,233,162,2600,0,14.0
1474,1,23,182,179,2200,2,2.0
1475,1,29,167,184,3000,0,9.0
1476,1,26,256,141,1900,0,16.0
1477,1,62,153,154,2000,2,20.0
1478,1,47,205,177,2200,0,2.0
1479,0,57,186,152,1400,2,24.0
1480,0,30,150,197,2800,2,29.0
1481,1,52,94,140,2400,2,21.0
1482,0,36,181,155,2500,0,6.0
1483,1,48,265,176,2000,0,10.0
1484,1,45,249,197,1500,0,8.0
1485,0,57,227,190,2400,1,5.0
1486,0,28,107,172,2600,1,7.0
1487,0,23,129,162,1900,2,4.0
1488,0,42,158,184,2800,2,29.0
1489,1,19,210,191,1700,0,11.0
1490,1,63,147,169,2700,0,13.0
1491,1,19,108,183,2600,1,7.0
1492,1,25,257,158,2000,2,10.0
1493,0,36,224,151,2100,0,27.0
1494,1,39,261,176,1700,2,11.0
1495,1,61,122,141,2500,0,21.0
1496,1,41,245,141,1600,1,25.0
1497,1,62,290,182,2800,2,0.0
1498,0,49,298,140,1900,0,16.0
1499,0,33,155,151,2100,0,15.0
1500,1,19,128,194,2600,0,7.0
1501,1,45,248,195,3000,1,19.0
1502,0,49,173,168,2400,0,5.0
1503,0,41,215,189,1300,2,3.0
1504,0,61,135,161,1500,2,23.0
1505,1,43,176,190,2600,1,7.0
1506,0,46,109,198,1300,0,3.0
1507,0,57,264,144,2200,2,2.0
1508,0,24,100,146,2200,1,12.0
1509,1,54,119,152,1700,2,11.0
1510,0,51,99,155,2700,2,13.0
1511,0,46,290,189,1900,2,16.0
1512,0,40,168,176,2900,2,9.0
1513,1,45,292,165,2000,0,10.0
1514,0,33,223,152,1500,0,8.0
1515,0,56,132,184,2600,2,7.0
1516,0,35,108,166,2800,1,29.0
1517,1,35,221,161,2100,1,27.0
1518,1,34,239,184,2100,1,27.0
1519,1,51,204,166,2000,2,10.0
1520,1,36,108,177,2100,2,15.0
1521,1,62,192,194,2400,2,5.0
1522,1,60,122,142,3000,2,9.0
1523,0,57,178,166,2900,2,9.0
1524,0,33,194,191,2700,2,28.0
1525,1,60,145,194,2800,0,29.0
1526,1,53,130,145,2600,1,7.0
1527,1,23,104,188,2500,0,21.0
1528,1,58,264,167,2100,1,27.0
1529,1,54,227,174,2500,0,6.0
1530,1,19,112,192,2900,1,9.0
1531,1,20,299,169,1400,1,26.0
1532,0,47,243,172,1800,1,16.0
1533,1,57,273,157,1500,2,8.0
1534,1,34,141,178,1900,0,4.0
1535,0,58,193,177,2300,1,17.0
1536,1,36,225,143,1300,2,3.0
1537,0,30,224,170,2400,2,5.0
1538,0,34,133,152,2200,2,12.0
1539,0,47,201,166,2700,1,28.0
1540,1,63,281,192,1800,2,16.0
1541,1,27,224,195,2800,2,0.0
1542,1,23,97,178,2300,0,12.0
1543,0,25,187,162,1300,0,3.0
1544,1,19,204,154,2200,1,2.0
1545,0,29,263,176,1700,0,11.0
1546,0,48,97,167,1500,1,23.0
1547,0,56,123,142,2300,1,12.0
1548,0,32,127,140,2500,0,21.0
1549,1,22,256,155,1700,2,11.0
1550,0,48,136,144,1500,1,23.0
1551,0,59,242,154,2800,1,0.0
1552,0,57,170,171,1500,2,23.0
1553,1,57,251,159,1500,1,8.0
1554,0,28,192,191,2000,1,10.0
1555,1,49,94,148,2100,2,15.0
1556,1,57,180,176,2700,1,28.0
1557,1,49,272,198,2600,2,14.0
1558,1,24,239,196,2400,0,5.0
1559,1,56,181,182,1200,0,18.0
1560,1,29,254,191,2800,2,0.0
1561,1,32,274,169,2400,0,5.0
1562,0,51,159,165,2100,1,15.0
1563,1,23,242,162,2600,1,14.0
1564,0,56,104,168,2300,0,12.0
1565,1,19,100,190,1700,2,11.0
1566,1,60,216,152,2000,0,10.0
1567,1,51,120,166,2300,1,12.0
1568,0,25,202,194,1500,1,8.0
1569,1,35,207,169,2100,0,27.0
1570,1,24,104,160,1800,1,22.0
1571,0,36,251,196,1200,0,18.0
1572,1,48,119,166,2900,2,9.0
1573,1,30,92,146,2900,1,9.0
1574,0,41,153,163,2400,1,21.0
1575,0,56,128,154,2500,0,21.0
1576,1,62,227,162,2400,1,5.0
1577,0,58,227,149,2000,1,10.0
1578,0,57,249,182,2300,1,17.0
1579,0,23,181,190,2300,2,17.0
1580,1,37,289,163,2300,0,17.0
1581,1,31,146,185,2100,1,15.0
1582,0,28,147,173,3000,2,9.0
1583,0,20,133,146,1500,0,23.0
1584,1,37,294,148,2000,1,10.0
1585,1,51,235,171,2400,2,5.0
1586,0,21,123,149,3000,0,9.0
1587,0,58,155,196,2200,0,12.0
1588,0,55,249,155,2100,1,27.0
1589,1,39,252,140,2800,0,0.0
1590,0,20,183,168,2200,1,2.0
1591,0,44,242,186,1600,0,25.0
1592,0,41,143,193,1600,1,1.0
1593,1,56,193,176,2400,2,5.0
1594,0,59,249,143,1900,1,16.0
1595,0,34,224,174,1200,1,18.0
1596,1,61,168,174,2700,2,13.0
1597,1,45,198,167,2900,0,19.0
1598,1,59,259,151,1300,2,3.0
1599,1,19,292,167,1400,0,26.0
1600,1,51,258,194,2000,1,10.0
1601,0,45,107,186,2400,1,21.0
1602,0,31,159,198,2200,0,12.0
1603,1,34,119,155,2400,0,21.0
1604,1,52,112,158,1300,1,3.0
1605,0,22,175,165,2500,0,21.0
1606,0,49,252,169,2700,2,28.0
1607,1,37,193,169,2200,0,2.0
1608,0,62,132,185,2000,2,20.0
1609,1,35,127,151,1700,2,11.0
1610,0,30,268,155,2800,2,0.0
1611,0,43,151,188,1600,0,1.0
1612,1,45,201,171,1800,1,22.0
1613,1,24,166,142,2500,0,21.0
1614,1,53,241,172,2600,2,14.0
1615,1,27,244,197,1600,0,25.0
1616,0,28,145,163,1400,2,24.0
1617,0,51,283,141,2800,0,0.0
1618,0,26,127,179,1300,1,3.0
1619,0,23,261,147,2000,2,10.0
1620,1,63,259,198,1900,0,16.0
1621,0,53,120,149,2600,1,7.0
1622,0,36,112,189,2200,1,12.0
1623,0,57,101,149,3000,1,9.0
1624,0,36,239,190,1200,0,18.0
1625,0,45,259,153,2200,2,2.0
1626,1,63,115,176,2700,1,13.0
1627,1,37,204,162,1500,1,8.0
1628,1,33,216,143,2000,0,10.0
1629,0,33,218,186,2200,2,2.0
1630,0,28,246,198,1500,1,8.0
1631,1,26,255,178,1300,2,3.0
1632,0,52,148,161,2500,2,21.0
1633,0,57,256,150,2200,1,2.0
1634,1,29,266,169,2500,1,6.0
1635,0,42,192,151,2500,1,6.0
1636,0,37,296,193,2300,0,17.0
1637,1,18,265,152,1500,2,8.0
1638,0,57,120,141,1900,0,4.0
1639,0,19,171,192,1800,0,22.0
1640,0,22,94,144,2600,0,7.0
1641,0,24,272,196,2600,1,14.0
1642,0,40,97,143,3000,2,9.0
1643,1,40,107,160,3000,2,9.0
1644,1,30,279,181,2600,2,14.0
1645,1,54,101,163,2700,1,13.0
1646,1,53,99,184,2300,0,12.0
1647,0,19,290,173,1900,0,16.0
1648,1,31,164,192,2100,0,15.0
1649,1,19,293,151,1200,1,18.0
1650,1,60,274,143,1800,0,16.0
1651,0,43,296,186,2000,2,10.0
1652,1,29,139,151,1500,2,23.0
1653,1,63,237,142,2200,0,2.0
1654,0,35,256,143,1600,2,25.0
1655,1,50,203,172,2900,1,19.0
1656,0,34,295,194,2900,2,19.0
1657,1,30,121,144,2500,0,21.0
1658,1,21,97,171,2800,1,29.0
1659,0,47,264,196,2800,1,0.0
1660,1,50,122,157,2900,1,9.0
1661,0,32,173,160,2700,0,13.0
1662,0,41,284,199,2700,1,28.0
1663,1,51,275,186,2400,0,5.0
1664,0,30,189,140,1200,0,18.0
1665,0,37,241,168,1600,1,25.0
1666,1,38,161,149,1400,1,24.0
1667,0,46,293,165,1900,1,16.0
1668,0,37,216,177,1800,1,22.0
1669,1,58,183,165,2500,1,6.0
1670,0,31,216,151,2500,0,6.0
1671,1,25,277,186,1300,1,3.0
1672,0,31,235,163,2600,1,14.0
1673,0,38,242,193,2800,0,0.0
1674,1,20,221,178,2700,1,28.0
1675,1,26,105,145,2300,1,12.0
1676,0,34,258,167,2700,2,28.0
1677,0,44,208,148,2500,0,6.0
1678,1,46,146,170,2300,0,12.0
1679,0,60,298,157,1300,1,3.0
1680,1,47,148,190,1400,2,24.0
1681,0,31,258,188,2600,1,14.0
1682,0,20,281,190,1600,2,25.0
1683,0,55,90,171,2300,0,12.0
1684,1,48,236,149,1500,2,8.0
1685,1,39,119,181,2600,2,7.0
1686,0,22,179,150,2500,0,6.0
1687,1,39,156,169,2900,2,9.0
1688,0,32,123,183,1300,2,3.0
1689,1,55,139,151,2500,0,21.0
1690,0,35,190,195,1300,1,3.0
1691,1,31,263,180,2400,2,5.0
1692,1,28,167,198,2500,1,21.0
1693,0,25,189,171,3000,1,19.0
1694,0,33,227,172,2800,0,0.0
1695,1,18,207,179,1200,0,18.0
1696,1,35,236,189,1900,2,16.0
1697,0,28,223,197,2700,1,28.0
1698,0,45,200,196,2500,0,6.0
1699,1,25,149,177,1700,2,11.0
1700,1,41,131,189,1400,1,24.0
1701,0,49,219,156,2500,0,6.0
1702,0,44,163,187,2600,1,7.0
1703,0,52,293,189,3000,2,19.0
1704,0,38,164,195,2000,0,20.0
1705,0,34,145,195,2800,2,29.0
1706,0,60,158,186,2700,2,13.0
1707,1,29,201,143,2800,1,0.0
1708,1,20,206,146,2300,2,17.0
1709,0,49,123,157,2400,1,21.0
1710,1,61,157,180,1300,1,3.0
1711,1,32,212,182,2600,2,14.0
1712,0,47,283,191,1500,0,8.0
1713,0,44,160,178,2400,0,21.0
1714,0,20,175,153,1400,2,24.0
1715,1,48,225,182,2900,2,19.0
1716,1,49,165,184,1800,0,22.0
1717,0,29,110,160,1700,2,11.0
1718,0,38,216,165,1900,2,4.0
1719,0,49,140,194,2900,2,9.0
1720,0,43,138,158,1900,1,4.0
1721,0,44,244,177,2500,0,6.0
1722,1,43,288,176,2200,2,2.0
1723,1,43,261,184,2700,0,28.0
1724,0,29,277,166,1600,0,25.0
1725,1,46,194,192,2300,1,17.0
1726,0,53,157,145,2000,0,20.0
1727,0,44,138,183,2400,2,21.0
1728,0,25,222,189,1500,0,8.0
1729,1,24,289,159,3000,0,19.0
1730,1,46,131,186,3000,0,9.0
1731,1,45,208,187,2800,1,0.0
1732,0,21,176,161,2100,1,15.0
1733,0,46,241,147,2400,0,5.0
1734,1,58,238,175,1600,0,25.0
1735,0,56,223,166,2700,2,28.0
1736,0,35,181,148,1400,1,24.0
1737,0,41,120,195,2100,1,15.0
1738,0,44,250,149,1400,0,26.0
1739,0,39,156,193,1900,2,4.0
1740,0,26,226,148,2800,0,0.0
1741,0,52,101,143,2100,2,15.0
1742,0,47,290,170,2300,1,17.0
1743,1,55,270,192,2900,2,19.0
1744,1,32,226,140,2300,2,17.0
1745,0,27,229,175,2000,0,10.0
1746,0,42,129,148,1400,0,24.0
1747,0,62,190,175,2500,1,6.0
1748,1,47,106,190,1300,0,3.0
1749,0,29,182,196,2700,0,28.0
1750,0,59,171,173,1400,2,24.0
1751,1,18,273,155,2700,2,28.0
1752,1,28,230,148,2700,1,28.0
1753,1,51,248,159,1200,0,18.0
1754,1,32,234,142,1300,0,3.0
1755,1,40,124,187,1500,2,23.0
1756,0,42,246,196,1500,2,8.0
1757,0,47,286,157,2200,0,2.0
1758,0,54,90,172,1800,0,22.0
1759,1,28,229,180,2000,2,10.0
1760,0,60,238,195,2400,1,5.0
1761,1,60,90,192,3000,2,9.0
1762,1,41,172,141,3000,0,9.0
1763,0,34,160,189,1400,1,24.0
1764,0,46,194,175,2700,0,28.0
1765,1,40,112,170,2200,2,12.0
1766,1,61,196,163,1700,0,11.0
1767,1,41,171,177,1600,2,1.0
1768,0,25,267,155,2800,0,0.0
1769,1,49,268,181,2100,2,27.0
1770,1,48,109,180,2200,1,12.0
1771,0,49,274,166,1900,0,16.0
1772,1,18,239,140,2500,0,6.0
1773,1,47,268,165,2600,0,14.0
1774,1,60,153,182,1200,0,18.0
1775,0,54,206,161,2000,0,10.0
1776,1,46,273,145,1900,1,16.0
1777,0,34,199,159,1700,2,11.0
1778,1,40,169,156,2900,0,9.0
1779,1,23,115,168,2200,1,12.0
1780,0,18,188,190,1400,0,24.0
1781,1,46,197,165,2300,2,17.0
1782,1,56,122,171,1700,1,11.0
1783,0,47,229,157,1400,0,26.0
1784,0,32,243,141,3000,1,19.0
1785,0,28,228,196,2700,2,28.0
1786,0,46,98,142,1900,1,4.0
1787,1,58,219,191,1300,0,3.0
1788,1,24,280,187,2700,1,28.0
1789,0,25,256,185,1900,2,16.0
1790,0,47,99,154,1600,2,1.0
1791,1,45,210,183,3000,1,19.0
1792,0,46,274,172,2200,1,2.0
1793,1,49,223,176,1300,1,3.0
1794,0,24,158,162,2000,1,20.0
1795,1,18,234,144,2400,0,5.0
1796,1,31,113,187,1500,0,23.0
1797,1,49,131,184,1500,2,23.0
1798,1,51,127,150,1600,2,1.0
1799,0,39,148,178,1500,1,23.0
1800,0,38,144,191,2900,1,9.0
1801,0,27,243,187,2100,2,27.0
1802,0,57,92,198,1500,1,23.0
1803,1,49,196,144,1300,0,3.0
1804,0,21,282,150,2900,2,19.0
1805,1,63,216,161,1900,2,4.0
1806,1,27,146,149,2800,1,29.0
1807,1,26,166,177,2000,2,20.0
1808,0,31,159,141,1400,2,24.0
1809,0,42,233,185,1900,1,16.0
1810,1,23,138,141,1400,2,24.0
1811,1,27,181,194,1900,1,4.0
1812,0,50,190,175,2000,1,10.0
1813,1,34,110,195,1300,2,3.0
1814,1,39,292,193,1300,1,3.0
1815,0,32,139,166,2900,2,9.0
1816,0,39,217,155,2800,1,0.0
1817,1,60,172,141,1500,0,23.0
1818,1,47,118,184,1800,2,22.0
1819,0,53,112,159,1700,2,11.0
1820,0,34,249,187,2300,1,17.0
1821,1,40,233,191,2500,2,6.0
1822,0,19,276,158,1900,1,16.0
1823,0,40,219,179,1600,2,25.0
1824,1,57,132,175,2700,2,13.0
1825,1,40,159,157,1400,2,24.0
1826,1,46,122,185,2300,1,12.0
1827,0,19,261,185,2100,0,27.0
1828,1,50,106,153,1200,2,18.0
1829,0,45,296,199,1700,1,25.0
1830,0,63,135,196,2700,1,13.0
1831,0,36,118,181,2100,1,15.0
1832,0,18,295,172,1300,0,3.0
1833,0,28,223,198,2300,2,17.0
1834,0,25,128,156,2400,2,21.0
1835,0,35,185,192,2900,1,9.0
1836,0,50,109,178,1800,0,22.0
1837,0,50,261,142,2800,0,0.0
1838,0,26,155,152,1900,2,4.0
1839,0,29,180,176,2600,1,7.0
1840,1,25,219,196,1300,1,3.0
1841,0,54,244,184,2600,2,14.0
1842,0,53,135,183,1900,2,4.0
1843,0,50,232,191,2700,2,28.0
1844,1,54,187,166,1300,1,3.0
1845,0,58,292,188,2900,2,19.0
1846,0,31,235,167,2900,0,19.0
1847,0,46,121,153,2000,1,20.0
1848,0,25,179,144,2600,1,7.0
1849,1,38,236,155,2900,2,19.0
1850,0,38,96,192,3000,1,9.0
1851,1,62,257,160,1800,1,16.0
1852,1,63,110,154,2000,1,20.0
1853,0,37,294,156,1300,2,3.0
1854,0,27,239,185,2700,0,28.0
1855,0,63,94,169,3000,1,9.0
1856,1,46,197,170,2000,0,10.0
1857,0,51,235,168,1700,1,11.0
1858,1,51,118,195,2800,2,29.0
1859,1,25,278,198,1900,0,16.0
1860,1,40,173,173,2200,0,12.0
1861,0,33,130,174,2700,0,13.0
1862,1,52,283,150,2400,0,5.0
1863,0,20,221,146,1200,1,18.0
1864,1,59,295,162,1700,0,25.0
1865,1,56,298,191,2300,0,17.0
1866,0,24,116,174,2900,2,9.0
1867,0,53,91,198,1600,2,1.0
1868,0,60,108,155,1300,0,3.0
1869,1,50,206,151,2900,2,19.0
1870,1,41,172,155,2400,2,5.0
1871,1,44,245,157,2200,1,2.0
1872,0,21,103,162,2500,1,21.0
1873,0,55,212,177,2800,2,0.0
1874,1,23,233,151,2900,1,19.0
1875,1,31,223,184,1800,0,16.0
1876,0,38,259,169,1900,0,16.0
1877,0,51,234,189,2000,0,10.0
1878,0,30,139,162,3000,0,9.0
1879,0,36,221,170,2300,2,17.0
1880,0,38,299,184,1700,1,25.0
1881,1,46,280,179,2100,2,27.0
1882,1,19,90,171,2600,0,7.0
1883,1,49,288,180,2400,2,5.0
1884,0,43,227,171,2000,2,10.0
1885,0,29,273,159,2900,0,19.0
1886,1,20,284,155,2800,1,0.0
1887,0,49,170,157,1800,1,22.0
1888,1,23,242,180,1200,2,18.0
1889,0,20,298,190,2800,2,0.0
1890,0,58,231,158,2800,2,0.0
1891,0,63,279,169,2500,2,6.0
1892,1,44,137,174,1400,2,24.0
1893,0,39,96,161,2200,1,12.0
1894,1,39,298,198,1500,0,8.0
1895,0,46,147,188,1200,1,18.0
1896,1,33,149,179,1300,1,3.0
1897,0,57,136,145,1800,2,22.0
1898,0,23,231,171,2800,1,0.0
1899,1,27,122,180,1600,2,1.0
1900,0,47,212,179,2400,2,5.0
1901,0,39,141,194,1400,0,24.0
1902,0,33,151,140,1700,1,11.0
1903,0,49,161,144,2000,1,20.0
1904,1,58,223,141,2700,2,28.0
1905,1,26,191,168,2300,0,17.0
1906,1,36,232,199,2000,2,10.0
1907,0,54,137,163,2100,1,15.0
1908,0,57,246,161,1900,2,16.0
1909,1,34,224,180,1400,1,26.0
1910,1,21,294,195,1500,0,8.0
1911,0,20,134,171,2600,2,7.0
1912,0,61,248,168,2800,0,0.0
1913,0,63,297,177,1400,2,26.0
1914,0,53,181,198,2700,2,28.0
1915,1,57,125,170,2400,2,21.0
1916,1,21,221,165,2500,1,6.0
1917,0,48,283,191,1400,1,26.0
1918,0,37,181,195,2900,1,9.0
1919,1,53,90,149,1900,0,4.0
1920,0,51,271,147,2400,0,5.0
1921,0,30,158,150,1800,1,22.0
1922,1,29,290,193,2500,2,6.0
1923,0,59,174,151,2600,2,7.0
1924,0,20,199,188,3000,2,19.0
1925,0,34,268,148,2900,2,19.0
1926,0,26,235,187,1600,2,25.0
1927,0,38,125,145,2400,0,21.0
1928,0,52,129,194,2700,1,13.0
1929,1,57,255,140,2300,2,17.0
1930,1,26,288,190,2100,1,27.0
1931,1,57,170,151,2000,1,20.0
1932,0,31,140,196,1900,1,4.0
1933,0,39,159,187,2900,0,9.0
1934,1,38,171,188,2900,2,9.0
1935,1,21,244,187,1700,2,11.0
1936,0,45,150,191,2700,2,13.0
1937,1,18,106,160,1400,0,24.0
1938,0,49,173,169,1200,2,18.0
1939,1,52,159,171,2000,2,20.0
1940,0,25,106,157,2100,2,15.0
1941,1,44,163,153,1800,2,22.0
1942,1,53,177,158,1400,0,24.0
1943,0,25,108,175,1600,0,1.0
1944,1,38,160,141,1400,1,24.0
1945,0,54,266,186,1200,2,18.0
1946,0,37,279,176,2500,0,6.0
1947,1,52,140,190,2700,1,13.0
1948,1,54,230,171,1700,2,11.0
1949,1,24,158,170,1900,2,4.0
1950,1,25,128,144,1700,1,11.0
1951,0,49,263,140,2800,2,0.0
1952,0,37,124,146,1400,2,24.0
1953,0,42,140,160,2500,2,21.0
1954,1,50,265,169,2400,0,5.0
1955,1,24,111,185,2000,0,20.0
1956,1,44,257,186,2800,1,0.0
1957,1,29,115,140,1300,1,3.0
1958,0,23,262,159,1500,0,8.0
1959,0,55,142,176,2100,2,15.0
1960,1,35,197,152,1800,0,22.0
1961,0,31,297,156,1300,0,3.0
1962,1,42,255,160,1800,0,16.0
1963,1,44,157,149,2400,1,21.0
1964,1,25,189,169,1900,0,4.0
1965,0,45,229,144,2900,0,19.0
1966,0,40,117,199,2800,0,29.0
1967,1,60,165,141,2500,2,21.0
1968,0,50,109,191,1800,0,22.0
1969,0,51,140,191,1800,1,22.0
1970,1,29,131,195,2600,2,7.0
1971,0,63,282,166,1700,0,25.0
1972,1,24,182,172,2600,2,14.0
1973,1,59,218,143,1600,0,25.0
1974,0,58,276,172,2300,1,17.0
1975,1,26,129,169,1500,2,23.0
1976,1,23,184,167,2400,2,5.0
1977,1,25,274,170,2900,0,19.0
1978,0,51,152,197,2400,1,21.0
1979,1,58,290,165,2100,0,27.0
1980,1,57,148,199,2600,0,7.0
1981,0,60,286,161,1900,0,16.0
1982,0,56,282,199,2600,0,14.0
1983,0,62,125,189,2400,1,21.0
1984,0,28,237,194,2400,0,5.0
1985,0,62,179,171,2300,0,17.0
1986,0,57,272,175,1800,2,16.0
1987,1,30,182,146,2600,0,14.0
1988,0,25,128,173,1400,1,24.0
1989,1,24,246,194,2800,1,0.0
1990,0,44,146,180,2400,0,21.0
1991,1,49,215,160,2800,1,0.0
1992,0,47,284,188,2200,1,2.0
1993,0,34,149,198,2500,0,21.0
1994,0,50,107,174,1600,2,1.0
1995,0,23,251,165,1600,0,25.0
1996,0,29,295,165,2700,1,28.0
1997,0,54,104,145,2800,2,29.0
1998,0,50,245,142,2000,2,10.0
1999,1,45,128,187,2100,2,15.0
2000,0,50,179,189,1800,0,22.0
2001,1,36,245,153,1200,0,18.0
2002,1,30,246,188,2200,2,2.0
2003,0,31,195,161,2400,1,5.0
2004,0,21,293,183,2500,1,6.0
2005,1,47,219,170,2200,0,2.0
2006,0,23,155,197,1600,0,1.0
2007,1,21,204,140,2400,0,5.0
2008,0,46,182,182,1700,0,11.0
2009,0,47,183,195,2100,1,15.0
2010,1,54,287,143,2100,1,27.0
2011,0,61,195,167,2300,1,17.0
2012,1,62,250,178,2300,1,17.0
2013,0,18,280,164,1400,1,26.0
2014,0,24,219,167,1400,0,26.0
2015,1,24,119,148,2900,1,9.0
2016,1,35,206,171,1600,0,25.0
2017,0,31,117,151,2100,2,15.0
2018,1,35,284,192,1200,0,18.0
2019,1,24,270,167,1800,2,16.0
2020,0,45,174,184,2000,1,20.0
2021,0,37,217,189,2000,2,10.0
2022,1,33,177,176,2800,1,29.0
2023,0,44,296,147,1200,2,18.0
2024,1,50,117,157,2000,2,20.0
2025,1,48,261,184,2700,2,28.0
2026,0,27,274,167,1500,1,8.0
2027,1,59,296,182,1500,1,8.0
2028,0,45,283,167,2800,1,0.0
2029,0,25,187,195,1500,2,23.0
2030,1,48,154,149,1600,2,1.0
2031,0,56,113,198,1800,1,22.0
2032,0,48,150,196,2300,2,12.0
2033,0,54,267,163,1900,1,16.0
2034,0,56,201,180,1700,0,11.0
2035,0,47,255,187,2500,2,6.0
2036,1,23,113,145,2900,2,9.0
2037,0,61,165,149,2600,2,7.0
2038,1,38,106,143,2400,0,21.0
2039,1,50,128,189,1300,1,3.0
2040,1,41,108,196,1600,2,1.0
2041,1,50,206,186,1300,2,3.0
2042,0,62,184,174,1500,0,23.0
2043,1,37,140,143,1900,2,4.0
2044,1,28,222,146,2300,2,17.0
2045,1,52,287,175,1500,2,8.0
2046,0,61,102,149,2700,1,13.0
2047,0,50,137,146,2400,1,21.0
2048,1,52,174,160,2100,0,15.0
2049,1,34,289,179,1900,2,16.0
2050,1,33,160,154,1300,2,3.0
2051,1,63,177,191,2900,2,9.0
2052,0,49,113,150,2400,1,21.0
2053,0,42,228,178,2500,0,6.0
2054,0,46,257,199,1300,0,3.0
2055,0,38,208,155,1800,0,22.0
2056,1,62,99,194,2800,0,29.0
2057,0,30,229,195,1700,2,11.0
2058,1,51,275,147,1800,1,16.0
2059,1,50,227,164,1400,2,26.0
2060,0,29,209,143,2400,0,5.0
2061,0,22,103,156,2100,1,15.0
2062,1,36,186,142,2600,0,14.0
2063,0,54,230,140,2800,2,0.0
2064,0,26,115,155,2200,0,12.0
2065,0,47,128,151,2800,0,29.0
2066,1,40,243,150,3000,1,19.0
2067,0,36,209,195,2900,1,19.0
2068,0,35,273,170,2700,1,28.0
2069,1,41,296,153,2800,1,0.0
2070,0,20,123,172,1600,1,1.0
2071,1,40,228,175,2200,2,2.0
2072,0,50,237,174,2000,1,10.0
2073,0,33,235,195,1200,1,18.0
2074,1,40,138,192,1700,0,11.0
2075,0,25,277,190,2000,2,10.0
2076,0,39,241,172,1800,2,16.0
2077,0,18,209,151,1900,2,4.0
2078,0,50,138,175,1500,2,23.0
2079,1,32,121,188,2100,0,15.0
2080,0,26,92,164,2500,2,21.0
2081,0,44,259,158,1800,2,16.0
2082,1,30,239,171,1200,1,18.0
2083,0,46,190,167,2200,0,2.0
2084,1,55,244,179,1800,1,16.0
2085,0,26,265,185,2800,0,0.0
2086,1,35,279,183,1500,0,8.0
2087,1,23,103,169,1400,0,24.0
2088,1,36,181,175,2500,2,6.0
2089,1,21,241,143,1500,1,8.0
2090,1,31,178,177,2900,2,9.0
2091,1,57,212,197,1800,1,22.0
2092,0,58,215,197,2400,1,5.0
2093,1,62,265,169,2800,2,0.0
2094,1,63,293,185,2500,1,6.0
2095,0,62,174,142,1800,1,22.0
2096,1,52,135,164,1400,0,24.0
2097,1,40,261,170,1900,1,16.0
2098,1,39,287,154,2600,1,14.0
2099,1,57,290,198,2000,0,10.0
2100,0,30,293,197,2400,0,5.0
2101,0,36,180,151,1400,0,24.0
2102,1,46,232,154,1300,2,3.0
2103,0,42,111,157,2900,2,9.0
2104,1,31,125,153,1200,0,18.0
2105,1,22,228,160,2800,2,0.0
2106,0,21,185,160,2700,0,28.0
2107,0,36,169,169,1900,2,4.0
2108,0,59,133,183,1300,0,3.0
2109,0,50,182,172,2600,1,14.0
2110,1,40,262,168,3000,2,19.0
2111,0,62,236,176,2000,1,10.0
2112,0,29,245,151,1400,1,26.0
2113,0,38,163,158,1800,0,22.0
2114,1,18,112,182,1800,1,22.0
2115,1,54,227,169,2600,2,14.0
2116,0,20,134,169,1600,1,1.0
2117,1,51,105,144,1500,1,23.0
2118,1,33,298,147,2100,1,27.0
2119,1,28,224,170,3000,2,19.0
2120,1,38,274,161,1200,1,18.0
2121,0,25,193,153,2700,1,28.0
2122,0,52,260,151,2700,0,28.0
2123,1,55,267,149,2300,0,17.0
2124,0,45,214,196,2800,2,0.0
2125,0,43,188,177,1400,2,24.0
2126,1,55,180,169,1800,0,22.0
2127,1,49,283,153,2600,1,14.0
2128,1,40,260,179,2400,0,5.0
2129,0,27,220,190,1800,1,22.0
2130,0,46,264,170,2300,2,17.0
2131,1,42,216,170,2200,0,2.0
2132,1,41,189,154,1400,2,24.0
2133,1,35,205,195,1200,1,18.0
2134,0,43,148,146,1900,0,4.0
2135,0,40,173,164,1900,0,4.0
2136,1,54,227,163,1600,1,25.0
2137,0,23,169,191,1400,2,24.0
2138,0,40,274,163,2000,0,10.0
2139,0,61,90,150,1700,0,11.0
2140,0,33,297,143,2600,0,14.0
2141,0,53,177,182,2000,1,20.0
2142,0,22,104,186,2700,1,13.0
2143,0,52,214,153,1300,0,3.0
2144,0,45,115,171,2800,1,29.0
2145,1,57,136,167,2600,1,7.0
2146,1,32,196,160,2800,2,0.0
2147,1,28,279,159,2400,2,5.0
2148,1,62,119,154,1900,0,4.0
2149,0,25,132,142,1800,1,22.0
2150,0,52,205,198,2000,0,10.0
2151,1,20,92,182,2400,1,21.0
2152,0,57,171,195,2100,1,15.0
2153,1,22,236,195,2400,2,5.0
2154,1,45,235,157,1500,2,8.0
2155,1,25,143,178,2000,2,20.0
2156,0,50,226,145,1300,2,3.0
2157,1,29,194,146,2800,2,0.0
2158,1,43,179,151,2900,0,9.0
2159,0,55,283,182,2300,1,17.0
2160,1,57,171,170,2200,1,12.0
2161,0,52,139,163,1900,2,4.0
2162,1,44,204,176,1400,1,26.0
2163,1,37,280,157,2800,2,0.0
2164,0,31,148,173,1700,0,11.0
2165,1,19,198,153,1500,2,8.0
2166,1,50,183,190,2600,1,14.0
2167,0,45,213,159,1600,1,25.0
2168,1,28,299,175,1600,0,25.0
2169,1,19,264,177,2900,1,19.0
2170,1,18,94,170,1200,0,18.0
2171,0,37,133,178,2400,2,21.0
2172,1,25,169,141,1400,2,24.0
2173,1,20,182,185,1300,1,3.0
2174,0,21,120,146,1200,2,18.0
2175,0,19,265,172,3000,1,19.0
2176,1,57,233,141,1800,2,16.0
2177,1,39,212,147,1900,2,4.0
2178,0,61,273,192,1800,2,16.0
2179,0,19,135,166,2800,0,29.0
2180,1,20,213,165,1700,0,11.0
2181,1,33,253,156,1600,2,25.0
2182,1,34,124,140,1600,1,1.0
2183,0,28,207,192,1500,0,8.0
2184,1,37,142,148,1500,0,23.0
2185,0,29,222,172,1500,0,8.0
2186,0,57,91,141,1900,2,4.0
2187,0,47,257,174,2200,0,2.0
2188,0,54,228,169,2700,1,28.0
2189,1,27,260,184,2700,0,28.0
2190,1,20,211,160,2900,2,19.0
2191,1,60,131,195,2200,1,12.0
2192,1,56,265,165,2900,0,19.0
2193,1,63,233,146,1200,1,18.0
2194,0,40,135,143,2200,1,12.0
2195,0,49,133,140,2800,1,29.0
2196,0,30,125,148,1300,1,3.0
2197,0,45,219,183,2900,0,19.0
2198,0,51,164,154,1700,1,11.0
2199,0,23,160,197,2300,1,12.0
2200,0,60,276,190,1800,0,16.0
2201,0,37,194,143,2700,1,28.0
2202,0,30,197,171,2000,0,10.0
2203,1,20,206,140,1200,1,18.0
2204,0,52,251,182,1400,2,26.0
2205,0,58,212,146,2900,2,19.0
2206,1,40,128,195,2400,2,21.0
2207,1,45,132,198,2700,2,13.0
2208,0,63,133,153,2300,2,12.0
2209,1,26,231,161,1500,0,8.0
2210,1,55,103,140,2900,0,9.0
2211,1,55,186,192,2400,1,5.0
2212,0,55,237,156,2300,1,17.0
2213,1,18,248,163,2700,1,28.0
2214,0,21,230,149,1200,0,18.0
2215,0,51,119,189,2100,0,15.0
2216,0,26,127,192,2300,2,12.0
2217,0,52,245,140,2600,2,14.0
2218,1,46,224,141,1600,0,25.0
2219,0,51,186,168,2800,1,29.0
2220,1,33,214,199,2000,1,10.0
2221,0,44,246,172,1800,2,16.0
2222,0,63,250,192,2300,2,17.0
2223,0,59,273,183,2000,1,10.0
2224,0,50,291,144,2700,2,28.0
2225,0,29,292,171,2400,0,5.0
2226,0,46,261,153,2100,2,27.0
2227,0,49,216,145,3000,2,19.0
2228,0,46,182,147,2700,2,28.0
2229,0,56,250,181,1900,0,16.0
2230,1,34,156,160,1800,2,22.0
2231,0,41,134,190,1800,2,22.0
2232,0,49,193,162,2700,2,28.0
2233,1,58,208,146,2500,1,6.0
2234,0,48,133,159,1600,1,1.0
2235,0,44,122,152,3000,1,9.0
2236,1,32,113,187,1500,0,23.0
2237,1,20,224,187,2500,2,6.0
2238,0,27,166,191,1500,2,23.0
2239,1,47,288,195,2300,2,17.0
2240,1,27,258,188,2100,1,27.0
2241,0,21,98,145,2600,1,7.0
2242,0,28,211,147,2400,1,5.0
2243,1,22,205,170,1500,0,8.0
2244,1,31,156,182,2600,0,7.0
2245,1,54,101,163,2300,0,12.0
2246,1,57,283,141,2800,1,0.0
2247,0,51,246,144,1500,2,8.0
2248,1,57,240,193,2400,0,5.0
2249,1,46,224,175,2800,0,0.0
2250,1,41,283,143,1300,2,3.0
2251,1,24,272,195,2700,2,28.0
2252,0,50,232,187,2900,1,19.0
2253,0,45,296,172,2500,0,6.0
2254,0,36,254,147,2500,0,6.0
2255,1,22,126,172,2300,2,12.0
2256,0,19,192,140,2500,1,6.0
2257,0,38,242,160,2200,0,2.0
2258,0,33,120,198,1600,1,1.0
2259,0,52,244,193,1300,1,3.0
2260,1,28,231,156,1700,2,11.0
2261,1,37,212,181,2200,1,2.0
2262,0,62,94,176,2000,0,20.0
2263,0,59,201,185,3000,2,19.0
2264,0,33,174,198,1400,1,24.0
2265,1,43,93,182,2100,1,15.0
2266,1,34,108,140,1400,1,24.0
2267,1,26,258,158,2000,2,10.0
2268,0,28,153,141,1500,2,23.0
2269,0,38,108,194,1400,1,24.0
2270,0,54,224,165,1300,0,3.0
2271,1,55,281,158,3000,1,19.0
2272,0,44,193,142,1300,2,3.0
2273,0,48,136,168,2700,2,13.0
2274,1,58,257,162,1300,0,3.0
2275,1,45,100,156,2700,0,13.0
2276,0,43,267,140,1800,2,16.0
2277,1,39,256,140,1600,2,25.0
2278,0,59,250,169,2300,1,17.0
2279,0,32,274,144,2200,0,2.0
2280,1,35,240,193,1800,2,16.0
2281,1,45,276,181,2400,0,5.0
2282,1,52,230,158,2600,0,14.0
2283,0,23,274,154,2500,2,6.0
2284,1,63,216,192,2900,0,19.0
2285,0,22,102,152,2200,0,12.0
2286,0,53,205,145,3000,2,19.0
2287,0,34,137,192,2600,2,7.0
2288,1,36,148,182,1300,2,3.0
2289,0,48,123,169,2700,1,13.0
2290,1,47,254,151,2600,0,14.0
2291,1,48,187,149,1800,2,22.0
2292,1,44,100,173,1400,1,24.0
2293,0,57,219,179,1400,1,26.0
2294,0,26,166,175,1700,2,11.0
2295,0,33,123,185,2000,1,20.0
2296,0,45,296,167,1400,0,26.0
2297,1,24,127,144,2700,0,13.0
2298,0,48,182,154,1400,0,24.0
2299,0,28,268,173,2400,2,5.0
2300,1,59,250,144,1800,0,16.0
2301,1,32,173,183,2500,1,21.0
2302,0,44,260,152,2300,0,17.0
2303,0,52,143,189,1900,1,4.0
2304,0,26,169,194,2700,1,13.0
2305,0,35,255,193,1200,1,18.0
2306,1,22,122,189,1600,0,1.0
2307,1,35,252,157,1600,2,25.0
2308,0,36,121,163,1300,2,3.0
2309,0,18,216,172,2100,1,27.0
2310,0,53,164,181,1800,0,22.0
2311,0,43,222,159,2900,0,19.0
2312,0,39,211,165,1800,0,22.0
2313,1,48,228,178,2000,2,10.0
2314,0,36,147,179,3000,1,9.0
2315,0,44,226,150,2400,2,5.0
2316,1,21,172,182,1800,1,22.0
2317,1,35,122,156,2000,1,20.0
2318,0,59,121,184,1800,0,22.0
2319,0,46,283,193,2200,1,2.0
2320,1,33,288,165,1400,0,26.0
2321,0,55,126,157,2400,2,21.0
2322,1,21,242,142,1900,1,16.0
2323,0,21,151,151,1800,2,22.0
2324,0,28,251,171,1700,2,11.0
2325,0,41,105,182,2900,2,9.0
2326,0,60,240,176,2200,0,2.0
2327,0,19,299,167,2400,1,5.0
2328,1,49,234,157,3000,1,19.0
2329,0,41,260,194,2900,1,19.0
2330,1,18,239,174,2800,0,0.0
2331,1,19,184,168,1700,2,11.0
2332,0,56,165,179,2500,0,21.0
2333,1,62,183,171,1400,1,24.0
2334,1,29,124,196,1900,1,4.0
2335,1,37,176,162,1200,0,18.0
2336,1,53,206,168,2800,1,0.0
2337,0,58,218,191,2900,2,19.0
2338,0,44,276,159,2200,1,2.0
2339,1,40,267,159,2700,1,28.0
2340,1,63,254,174,2000,1,10.0
2341,1,61,187,180,1900,0,4.0
2342,0,46,173,175,2100,2,15.0
2343,1,51,90,143,1200,1,18.0
2344,1,37,223,177,1600,2,25.0
2345,0,24,240,148,2000,2,10.0
2346,0,48,157,148,1400,1,24.0
2347,0,36,141,196,2200,1,12.0
2348,1,37,180,195,2600,1,7.0
2349,1,24,98,157,2600,0,7.0
2350,0,51,228,150,1700,1,11.0
2351,0,45,106,172,2100,2,15.0
2352,1,30,206,141,1400,0,26.0
2353,1,41,217,158,1400,2,26.0
2354,0,35,279,155,1700,2,25.0
2355,1,37,131,149,2600,0,7.0
2356,0,47,185,142,2600,1,14.0
2357,0,37,285,197,1400,1,26.0
2358,1,58,191,146,1200,2,18.0
2359,1,62,197,178,2500,1,6.0
2360,1,21,91,168,2900,0,9.0
2361,1,55,254,196,2200,0,2.0
2362,1,62,152,168,1400,1,24.0
2363,0,26,91,156,1400,0,24.0
2364,0,48,200,151,1400,2,24.0
2365,0,56,153,173,2300,1,12.0
2366,1,45,216,165,2500,2,6.0
2367,1,30,211,157,1600,1,25.0
2368,0,50,130,195,2700,1,13.0
2369,1,59,155,180,2200,2,12.0
2370,0,54,216,140,2400,1,5.0
2371,1,55,117,170,2200,2,12.0
2372,1,54,129,196,1300,1,3.0
2373,0,54,279,192,2600,0,14.0
2374,1,55,135,155,2000,0,20.0
2375,0,43,204,148,1900,0,4.0
2376,0,63,199,154,2500,0,6.0
2377,0,34,254,176,1700,1,11.0
2378,1,62,133,160,2500,1,21.0
2379,1,47,216,190,1900,1,4.0
2380,0,53,118,180,2500,0,21.0
2381,1,42,249,158,2100,2,27.0
2382,0,54,279,176,2100,2,27.0
2383,1,22,208,198,2100,1,27.0
2384,1,52,237,145,3000,0,19.0
2385,0,18,279,176,2100,1,27.0
2386,0,21,110,160,2700,0,13.0
2387,0,49,268,141,1200,0,18.0
2388,0,56,251,141,2400,1,5.0
2389,1,60,116,169,1400,2,24.0
2390,0,27,98,196,2200,1,12.0
2391,0,51,171,176,1500,0,23.0
2392,0,31,146,193,2500,1,21.0
2393,1,31,167,148,1300,0,3.0
2394,0,57,167,146,2800,1,29.0
2395,0,18,91,154,2200,1,12.0
2396,1,24,245,150,1200,1,18.0
2397,1,37,105,156,2500,2,21.0
2398,0,49,111,169,1700,2,11.0
2399,0,49,173,158,1600,2,1.0
2400,1,30,112,150,2700,0,13.0
2401,1,33,264,192,2900,1,19.0
2402,0,40,151,182,1400,0,24.0
2403,1,24,247,195,1500,0,8.0
2404,0,29,259,140,2900,2,19.0
2405,0,60,120,175,2000,0,20.0
2406,1,23,141,162,1600,1,1.0
2407,0,52,267,171,1600,1,25.0
2408,1,55,271,185,2100,1,27.0
2409,1,58,276,158,2300,2,17.0
2410,1,34,211,167,1300,2,3.0
2411,0,56,202,141,2000,1,10.0
2412,0,53,121,147,2600,1,7.0
2413,1,41,153,167,1700,2,11.0
2414,1,58,233,183,2900,1,19.0
2415,0,63,266,159,2800,0,0.0
2416,0,40,283,160,2000,1,10.0
2417,1,19,201,151,2700,2,28.0
2418,1,55,205,169,1700,2,11.0
2419,0,58,153,168,1400,0,24.0
2420,1,58,296,193,2400,0,5.0
2421,1,55,172,181,2900,1,9.0
2422,1,23,192,162,1300,1,3.0
2423,0,53,241,158,1300,2,3.0
2424,0,53,136,146,2800,2,29.0
2425,1,48,122,152,2900,2,9.0
2426,0,31,105,176,2900,2,9.0
2427,0,34,213,195,1700,2,11.0
2428,0,51,257,180,1400,2,26.0
2429,1,57,206,175,1300,2,3.0
2430,1,56,91,197,2600,1,7.0
2431,1,49,211,190,2600,0,14.0
2432,0,24,239,146,2600,1,14.0
2433,0,54,178,180,1300,2,3.0
2434,0,52,127,171,2600,0,7.0
2435,0,55,243,180,2500,1,6.0
2436,0,23,219,143,1800,2,22.0
2437,0,61,186,171,1800,1,22.0
2438,1,47,125,153,2400,2,21.0
2439,0,35,242,194,2400,0,5.0
2440,1,19,110,188,2600,1,7.0
2441,1,44,299,184,2600,0,14.0
2442,1,18,136,190,1500,2,23.0
2443,1,19,221,181,1500,1,8.0
2444,1,20,220,177,2600,2,14.0
2445,1,54,217,148,2200,0,2.0
2446,1,60,200,192,1700,0,11.0
2447,0,43,280,146,3000,1,19.0
2448,0,52,157,150,2000,1,20.0
2449,1,26,106,183,2100,2,15.0
2450,0,57,103,153,1400,0,24.0
2451,1,19,219,150,1500,0,8.0
2452,1,40,221,148,2400,1,5.0
2453,0,32,159,149,2000,1,20.0
2454,0,18,206,174,2000,0,10.0
2455,1,24,187,161,2700,1,28.0
2456,0,34,280,181,2500,1,6.0
2457,0,30,245,185,2800,2,0.0
2458,1,20,120,168,1300,1,3.0
2459,1,50,134,140,2600,0,7.0
2460,1,24,187,146,3000,1,19.0
2461,0,21,229,174,2300,2,17.0
2462,0,21,144,146,1500,2,23.0
2463,0,56,155,169,2100,2,15.0
2464,1,48,279,191,1400,0,26.0
2465,0,53,167,158,1400,0,24.0
2466,0,38,193,151,2300,0,17.0
2467,1,60,217,152,2500,0,6.0
2468,0,54,238,146,2200,2,2.0
2469,1,51,94,195,2000,1,20.0
2470,1,49,249,188,2200,1,2.0
2471,1,45,286,187,2100,0,27.0
2472,1,59,298,164,2800,1,0.0
2473,0,49,247,147,2000,1,10.0
2474,0,51,263,175,2500,2,6.0
2475,0,27,131,198,2000,2,20.0
2476,0,26,214,158,2700,1,28.0
2477,1,23,248,172,1800,2,16.0
2478,0,43,280,152,2200,2,2.0
2479,0,31,237,171,1700,0,11.0
2480,0,56,258,174,1800,0,16.0
2481,0,45,114,143,2600,2,7.0
2482,0,29,90,155,1600,2,1.0
2483,0,57,166,188,2100,2,15.0
2484,1,26,111,151,1300,2,3.0
2485,1,53,164,191,1200,2,18.0
2486,0,49,237,143,1300,0,3.0
2487,1,33,147,158,2400,0,21.0
2488,1,32,183,173,1500,0,23.0
2489,1,47,152,168,2200,0,12.0
2490,0,58,288,169,1300,0,3.0
2491,1,31,284,195,2900,1,19.0
2492,0,20,224,171,1200,0,18.0
2493,0,35,203,144,1300,0,3.0
2494,0,59,258,178,2400,2,5.0
2495,0,48,167,141,2200,2,12.0
2496,0,25,161,194,2300,0,17.0
2497,0,29,201,176,2200,0,2.0
2498,1,53,140,161,2900,1,9.0
2499,1,38,117,158,2900,2,9.0
2500,1,45,234,154,2600,0,14.0
2501,0,31,169,192,1600,0,1.0
2502,0,29,265,183,2500,0,6.0
2503,0,60,177,145,1700,2,11.0
2504,1,18,146,157,2600,0,7.0
2505,0,27,148,186,2900,1,9.0
2506,0,57,155,195,1700,2,11.0
2507,0,31,178,186,2900,0,9.0
2508,1,37,99,160,1800,2,22.0
2509,1,51,296,140,2100,2,27.0
2510,1,55,224,165,2600,1,14.0
2511,0,55,200,186,1600,1,25.0
2512,0,21,235,141,2100,2,27.0
2513,1,43,135,183,2400,2,21.0
2514,0,38,248,147,3000,1,19.0
2515,1,29,235,175,1700,0,11.0
2516,0,38,99,167,1700,2,11.0
2517,1,20,186,170,2200,0,2.0
2518,1,35,104,175,2800,2,29.0
2519,0,60,254,184,1300,2,3.0
2520,1,21,145,177,2300,2,12.0
2521,1,44,234,141,1800,0,16.0
2522,0,18,201,183,1900,2,4.0
2523,1,63,183,176,2300,0,17.0
2524,1,56,114,156,2200,1,12.0
2525,0,53,289,184,2600,2,14.0
2526,0,28,236,192,2600,1,14.0
2527,0,35,228,193,2500,0,6.0
2528,1,46,285,181,2300,2,17.0
2529,0,23,289,144,2600,0,14.0
2530,1,37,274,147,1600,2,25.0
2531,1,37,103,185,2000,2,20.0
2532,1,23,176,183,1400,0,24.0
2533,0,50,251,158,2400,0,5.0
2534,0,20,196,152,1300,0,3.0
2535,0,19,238,152,1500,1,8.0
2536,1,33,261,172,2000,2,10.0
2537,1,33,218,168,2000,2,10.0
2538,1,23,230,198,1200,1,18.0
2539,1,21,92,197,2400,2,21.0
2540,1,63,167,170,2700,2,13.0
2541,0,59,98,194,1700,0,11.0
2542,1,51,208,163,2700,0,28.0
2543,1,20,153,153,2000,0,20.0
2544,0,41,263,194,1900,2,16.0
2545,1,22,136,174,2100,1,15.0
2546,0,47,166,142,2000,0,20.0
2547,0,34,262,196,2700,0,28.0
2548,0,21,261,169,1200,0,18.0
2549,0,39,151,151,1200,0,18.0
2550,1,31,212,185,1700,1,11.0
2551,0,58,133,172,1200,2,18.0
2552,0,49,288,178,2800,0,0.0
2553,1,43,217,163,2900,2,19.0
2554,1,57,288,179,3000,2,19.0
2555,1,50,229,140,2400,1,5.0
2556,0,36,279,182,1400,2,26.0
2557,0,27,214,198,1900,0,4.0
2558,1,18,293,173,2300,0,17.0
2559,0,58,168,141,1700,1,11.0
2560,0,45,182,149,2100,0,15.0
2561,0,38,99,193,1300,2,3.0
2562,1,55,116,166,2700,1,13.0
2563,1,46,249,164,2100,2,27.0
2564,0,30,290,182,2300,0,17.0
2565,1,22,180,199,1500,0,23.0
2566,0,32,229,193,2300,2,17.0
2567,0,55,172,143,2300,1,17.0
2568,0,35,182,145,1500,0,23.0
2569,0,49,261,151,2900,1,19.0
2570,0,57,245,195,1800,1,16.0
2571,0,61,256,165,1500,1,8.0
2572,0,38,294,191,1400,2,26.0
2573,0,58,129,195,1400,0,24.0
2574,0,36,259,192,2500,0,6.0
2575,0,48,280,183,1700,1,25.0
2576,0,35,181,164,2800,2,29.0
2577,1,59,263,146,2900,1,19.0
2578,0,37,135,168,2600,1,7.0
2579,1,62,265,164,2500,1,6.0
2580,1,45,118,144,1600,2,1.0
2581,0,35,135,174,2800,1,29.0
2582,1,54,183,190,1500,2,23.0
2583,1,20,160,166,3000,2,9.0
2584,0,63,132,189,1400,1,24.0
2585,1,62,166,182,2900,2,9.0
2586,1,18,190,146,1300,0,3.0
2587,1,43,296,149,2200,1,2.0
2588,1,59,131,142,1700,1,11.0
2589,1,56,109,187,2000,0,20.0
2590,0,23,238,152,2100,2,27.0
2591,1,47,104,153,2300,0,12.0
2592,0,56,235,152,1400,2,26.0
2593,0,60,137,147,2400,0,21.0
2594,1,38,200,152,2300,0,17.0
2595,1,32,153,185,2000,0,20.0
2596,1,30,229,148,2100,2,27.0
2597,0,31,110,161,2800,0,29.0
2598,0,19,232,151,1700,1,11.0
2599,1,56,184,180,2700,1,28.0
2600,1,19,273,154,2800,2,0.0
2601,0,38,143,198,2400,0,21.0
2602,0,41,214,144,2700,2,28.0
2603,1,33,239,188,1400,1,26.0
2604,1,28,252,141,2300,2,17.0
2605,1,26,182,199,2700,0,28.0
2606,1,30,171,164,1700,0,11.0
2607,1,21,109,181,2600,0,7.0
2608,0,41,276,189,2400,1,5.0
2609,0,37,101,158,2000,0,20.0
2610,1,28,234,176,1200,1,18.0
2611,0,21,109,164,2100,2,15.0
2612,1,26,147,199,1900,2,4.0
2613,0,54,223,173,1400,2,26.0
2614,0,34,137,192,2300,0,12.0
2615,1,47,228,152,2300,2,17.0
2616,1,28,259,175,2800,0,0.0
2617,0,50,257,182,2900,1,19.0
2618,0,28,265,169,2800,2,0.0
2619,1,61,261,180,1300,0,3.0
2620,0,58,225,157,1400,0,26.0
2621,0,41,249,174,2300,1,17.0
2622,0,48,210,160,2400,1,5.0
2623,0,60,169,148,2400,1,21.0
2624,0,52,268,177,2200,0,2.0
2625,0,41,111,149,1800,2,22.0
2626,1,49,265,173,2500,0,6.0
2627,1,60,283,164,1500,1,8.0
2628,0,26,119,183,2500,2,21.0
2629,0,59,151,182,1600,0,1.0
2630,0,44,280,195,2400,2,5.0
2631,0,27,253,198,3000,2,19.0
2632,1,57,158,145,2000,0,20.0
2633,0,44,216,199,2800,1,0.0
2634,0,47,181,174,2200,1,2.0
2635,0,37,91,144,2300,1,12.0
2636,1,53,260,140,1800,1,16.0
2637,1,54,241,173,1700,1,11.0
2638,0,22,168,141,1400,1,24.0
2639,1,31,112,185,2500,1,21.0
2640,1,51,125,187,1600,2,1.0
2641,1,46,135,187,2900,2,9.0
2642,1,58,155,146,2100,2,15.0
2643,1,27,106,150,1800,2,22.0
2644,1,29,281,195,3000,2,19.0
2645,0,44,249,142,3000,1,19.0
2646,0,58,250,154,2600,0,14.0
2647,0,61,239,174,1600,0,25.0
2648,1,49,270,146,2100,1,27.0
2649,0,35,156,155,2400,1,21.0
2650,1,30,278,172,1500,0,8.0
2651,1,51,246,153,2400,1,5.0
2652,0,32,95,156,2600,1,7.0
2653,0,51,255,185,2300,1,17.0
2654,1,34,293,172,2800,2,0.0
2655,0,30,214,185,2800,2,0.0
2656,0,43,281,195,2600,0,14.0
2657,1,62,125,153,2100,1,15.0
2658,0,62,213,147,1700,1,11.0
2659,1,38,125,160,2700,1,13.0
2660,0,57,90,146,1600,1,1.0
2661,0,18,144,185,2800,2,29.0
2662,1,48,271,152,2700,2,28.0
2663,0,48,94,166,3000,0,9.0
2664,1,54,161,195,2700,2,13.0
2665,1,22,105,156,2700,2,13.0
2666,0,63,295,190,1900,0,16.0
2667,0,50,264,176,1200,0,18.0
2668,0,38,120,149,1600,1,1.0
2669,1,47,221,182,1200,2,18.0
2670,1,59,257,161,2700,2,28.0
2671,0,57,183,166,2400,2,5.0
2672,1,59,179,147,2600,2,7.0
2673,1,31,167,144,2400,0,21.0
2674,1,50,208,162,1400,0,26.0
2675,0,38,208,163,2400,2,5.0
2676,0,60,152,157,2800,1,29.0
2677,0,49,126,192,2400,1,21.0
2678,0,29,197,168,2700,1,28.0
2679,0,30,169,145,1300,2,3.0
2680,1,56,135,170,2200,1,12.0
2681,0,32,247,194,2900,2,19.0
2682,0,51,169,150,2100,0,15.0
2683,0,20,132,154,2600,2,7.0
2684,0,40,235,176,1800,1,16.0
2685,0,62,211,192,2500,0,6.0
2686,1,41,150,190,1500,1,23.0
2687,1,27,296,197,1400,0,26.0
2688,1,26,200,161,1300,0,3.0
2689,0,55,285,154,1600,1,25.0
2690,1,62,287,168,1800,1,16.0
2691,1,39,192,159,2800,0,29.0
2692,0,60,261,196,1600,0,25.0
2693,1,46,141,159,1600,1,1.0
2694,1,62,106,142,2800,0,29.0
2695,0,56,109,150,1800,1,22.0
2696,1,47,189,146,2000,2,10.0
2697,1,35,145,172,1300,2,3.0
2698,1,57,132,154,3000,0,9.0
2699,0,36,100,143,1700,2,11.0
2700,1,31,228,149,2600,1,14.0
2701,1,30,183,186,2000,1,20.0
2702,1,31,273,144,2000,2,10.0
2703,1,27,166,175,2500,1,21.0
2704,1,56,144,183,2500,1,21.0
2705,0,21,93,156,2100,2,15.0
2706,1,45,190,178,2400,2,5.0
2707,1,26,185,154,2500,1,6.0
2708,1,37,116,156,1400,0,24.0
2709,1,30,142,190,1900,2,4.0
2710,1,20,267,176,2600,2,14.0
2711,1,28,202,188,2400,1,5.0
2712,1,44,117,162,1800,1,22.0
2713,0,30,199,171,2100,1,27.0
2714,0,44,256,186,2200,0,2.0
2715,0,31,126,175,2700,1,13.0
2716,0,47,256,141,1600,0,25.0
2717,0,31,214,168,1300,1,3.0
2718,1,63,103,143,2100,2,15.0
2719,1,52,248,152,1200,1,18.0
2720,0,20,138,152,2700,0,13.0
2721,0,62,254,148,2300,1,17.0
2722,0,33,216,173,2800,2,0.0
2723,0,54,294,168,1700,2,25.0
2724,0,62,115,153,1900,1,4.0
2725,1,20,141,142,1700,1,11.0
2726,0,62,167,147,1300,1,3.0
2727,0,46,148,180,1600,1,1.0
2728,0,18,232,198,1200,1,18.0
2729,0,57,112,175,2700,1,13.0
2730,0,53,280,164,1900,0,16.0
2731,1,37,211,197,2700,1,28.0
2732,0,43,136,163,2800,2,29.0
2733,0,39,117,145,2900,1,9.0
2734,1,50,285,171,1500,1,8.0
2735,1,52,253,193,2000,1,10.0
2736,0,56,227,151,2600,0,14.0
2737,0,18,200,145,1900,2,4.0
2738,0,42,96,183,2200,2,12.0
2739,1,59,257,146,2400,0,5.0
2740,0,61,280,145,2600,0,14.0
2741,0,40,276,189,1700,1,25.0
2742,0,55,154,161,1400,0,24.0
2743,1,61,275,165,2300,1,17.0
2744,0,25,168,192,1700,1,11.0
2745,0,27,139,154,1700,0,11.0
2746,0,43,170,195,1300,0,3.0
2747,1,52,271,154,1200,1,18.0
2748,0,21,126,191,1200,0,18.0
2749,0,39,155,153,2000,0,20.0
2750,1,40,241,159,2000,0,10.0
2751,0,40,293,164,2400,1,5.0
2752,1,55,161,148,1300,0,3.0
2753,0,33,104,173,1900,1,4.0
2754,1,20,189,155,1600,1,1.0
2755,0,42,217,142,1800,0,22.0
2756,1,55,173,161,1600,0,1.0
2757,0,52,99,146,1600,2,1.0
2758,1,37,170,153,1800,0,22.0
2759,1,18,237,176,1500,2,8.0
2760,1,36,130,156,2700,2,13.0
2761,0,50,132,190,1500,0,23.0
2762,0,26,209,189,1400,1,26.0
2763,0,25,282,150,2400,2,5.0
2764,0,49,128,179,1600,2,1.0
2765,1,50,277,150,2700,1,28.0
2766,1,52,267,143,2100,1,27.0
2767,0,49,137,140,1600,2,1.0
2768,1,54,129,164,2300,2,12.0
2769,1,47,191,182,3000,2,19.0
2770,1,48,109,188,2000,1,20.0
2771,1,41,280,166,2600,1,14.0
2772,0,28,122,199,1800,0,22.0
2773,0,43,265,145,2900,0,19.0
2774,0,19,114,150,1600,0,1.0
2775,1,38,194,190,1900,2,4.0
2776,0,62,100,177,2300,2,12.0
2777,0,44,289,150,1900,0,16.0
2778,1,61,155,181,2800,0,29.0
2779,0,49,218,153,2900,2,19.0
2780,0,61,172,182,2300,2,17.0
2781,1,47,264,164,2400,2,5.0
2782,1,40,272,146,2700,2,28.0
2783,0,37,183,153,2600,0,14.0
2784,0,30,169,184,2000,1,20.0
2785,0,18,127,178,2700,2,13.0
2786,0,21,295,181,2900,0,19.0
2787,1,58,291,150,3000,1,19.0
2788,0,57,257,164,2000,1,10.0
2789,0,37,212,197,2200,0,2.0
2790,1,31,102,155,1700,0,11.0
2791,1,53,225,142,2800,2,0.0
2792,1,32,145,176,2200,1,12.0
2793,1,23,185,199,2200,2,2.0
2794,1,52,137,173,1400,1,24.0
2795,0,47,245,170,2400,2,5.0
2796,1,26,95,168,2500,0,21.0
2797,1,57,291,164,2000,1,10.0
2798,0,60,100,186,2800,1,29.0
2799,1,27,113,193,2500,1,21.0
2800,0,32,266,177,2200,2,2.0
2801,1,23,187,198,2300,1,17.0
2802,0,26,162,178,1800,0,22.0
2803,0,37,289,183,2900,2,19.0
2804,1,23,238,148,2700,0,28.0
2805,1,45,131,152,2100,2,15.0
2806,1,23,184,144,1800,0,22.0
2807,0,59,176,153,2600,2,7.0
2808,0,27,263,196,2800,1,0.0
2809,0,33,254,188,2300,2,17.0
2810,1,34,155,192,1200,2,18.0
2811,0,46,285,151,2600,2,14.0
2812,1,29,210,163,1300,1,3.0
2813,0,28,207,166,2300,2,17.0
2814,1,51,272,193,2900,0,19.0
2815,1,54,154,140,2900,2,9.0
2816,0,63,236,168,2200,2,2.0
2817,1,53,154,163,2100,1,15.0
2818,0,56,252,157,1400,1,26.0
2819,0,40,127,157,2000,1,20.0
2820,1,48,202,155,1800,1,22.0
2821,1,22,97,198,1300,1,3.0
2822,0,48,269,179,2600,0,14.0
2823,0,24,257,150,1700,1,11.0
2824,0,29,223,161,1900,0,16.0
2825,0,22,218,165,2400,1,5.0
2826,0,35,229,160,2900,0,19.0
2827,1,47,142,164,1300,2,3.0
2828,0,45,213,150,1900,1,4.0
2829,1,50,194,175,1700,2,11.0
2830,0,36,150,167,2600,2,7.0
2831,1,45,191,178,1600,2,1.0
2832,1,18,236,176,2400,2,5.0
2833,0,21,198,177,3000,2,19.0
2834,0,24,234,157,1700,0,11.0
2835,0,30,161,190,2100,2,15.0
2836,0,19,96,156,2600,0,7.0
2837,1,60,182,158,1400,0,24.0
2838,1,62,189,157,1200,0,18.0
2839,1,44,221,196,1900,2,16.0
2840,0,31,140,197,2500,2,21.0
2841,0,26,235,183,2100,0,27.0
2842,0,52,244,186,2700,0,28.0
2843,1,41,177,149,2600,1,7.0
2844,0,43,276,186,2900,1,19.0
2845,0,30,97,152,1900,1,4.0
2846,0,24,243,156,1200,1,18.0
2847,0,55,250,198,1700,1,11.0
2848,1,23,281,150,2300,1,17.0
2849,0,50,244,142,1200,2,18.0
2850,1,45,213,165,1600,2,25.0
2851,1,54,113,154,1900,1,4.0
2852,0,56,169,197,1300,2,3.0
2853,1,55,115,170,1700,2,11.0
2854,0,57,138,159,1500,2,23.0
2855,0,62,299,189,1600,2,25.0
2856,1,56,173,193,2600,0,7.0
2857,0,39,229,162,1800,1,16.0
2858,1,31,136,197,2500,1,21.0
2859,1,62,140,199,2900,2,9.0
2860,0,52,99,167,2000,1,20.0
2861,1,24,258,146,2100,2,27.0
2862,0,32,155,151,2500,0,21.0
2863,1,55,126,160,1300,0,3.0
2864,1,21,151,184,2300,2,12.0
2865,0,29,161,182,2200,1,12.0
2866,0,52,94,167,1200,1,18.0
2867,1,39,208,197,2100,0,27.0
2868,1,55,162,142,2400,0,21.0
2869,1,32,292,168,1700,1,25.0
2870,0,57,165,175,2700,2,13.0
2871,1,40,281,145,1900,1,16.0
2872,1,58,231,177,2600,2,14.0
2873,0,47,119,187,1300,0,3.0
2874,0,37,201,152,1900,2,4.0
2875,1,45,259,168,2600,1,14.0
2876,0,20,229,172,2600,2,14.0
2877,1,49,132,168,2500,1,21.0
2878,1,59,206,173,1400,0,26.0
2879,0,39,148,171,1300,2,3.0
2880,0,53,214,173,2000,0,10.0
2881,1,21,277,157,2800,1,0.0
2882,0,29,142,153,1400,1,24.0
2883,0,49,135,143,1300,0,3.0
2884,1,63,156,154,1700,2,11.0
2885,0,23,221,168,3000,1,19.0
2886,1,35,266,193,1800,2,16.0
2887,0,45,117,186,2800,0,29.0
2888,1,54,234,165,2900,2,19.0
2889,0,50,266,186,1500,0,8.0
2890,1,62,152,169,2600,0,7.0
2891,1,62,138,170,1400,1,24.0
2892,0,20,115,149,1800,2,22.0
2893,0,60,294,153,1700,1,25.0
2894,1,51,196,142,2000,0,10.0
2895,1,46,251,178,2000,0,10.0
2896,0,51,229,176,3000,1,19.0
2897,0,61,121,169,2300,0,12.0
2898,1,19,217,167,2700,2,28.0
2899,1,30,279,148,2400,0,5.0
2900,1,39,136,178,2900,0,9.0
2901,0,55,100,158,1500,1,23.0
2902,0,18,225,162,3000,1,19.0
2903,1,46,202,187,2900,1,19.0
2904,0,54,122,161,2700,0,13.0
2905,1,43,237,145,2900,1,19.0
2906,1,36,284,161,1800,2,16.0
2907,0,30,146,190,1900,0,4.0
2908,0,20,229,166,2000,0,10.0
2909,0,45,118,145,2000,2,20.0
2910,0,33,233,193,2700,0,28.0
2911,1,34,156,198,1300,1,3.0
2912,0,62,145,193,2800,2,29.0
2913,0,42,187,198,2700,2,28.0
2914,1,58,209,168,1900,2,4.0
2915,1,32,148,159,1500,1,23.0
2916,1,38,157,180,2100,1,15.0
2917,0,48,229,150,2000,1,10.0
2918,0,45,224,199,2100,2,27.0
2919,0,39,264,140,2100,0,27.0
2920,1,45,251,194,2400,0,5.0
2921,1,45,273,181,2300,2,17.0
2922,1,41,226,170,2600,1,14.0
2923,0,31,243,194,2900,1,19.0
2924,1,27,199,162,1700,1,11.0
2925,0,25,99,179,2000,2,20.0
2926,0,52,196,145,2200,0,2.0
2927,0,53,264,158,1300,0,3.0
2928,1,49,277,190,2300,2,17.0
2929,1,25,272,171,2600,0,14.0
2930,1,58,299,199,1300,0,3.0
2931,0,58,181,148,2600,2,14.0
2932,0,59,93,180,2100,0,15.0
2933,0,19,185,196,1300,2,3.0
2934,0,24,295,180,1300,1,3.0
2935,1,48,278,159,2800,0,0.0
2936,0,18,236,146,2000,2,10.0
2937,1,57,258,182,2300,0,17.0
2938,0,30,159,158,2000,0,20.0
2939,1,60,98,167,1800,1,22.0
2940,1,51,188,170,1700,2,11.0
2941,0,63,197,173,2900,2,19.0
2942,1,57,138,196,1700,0,11.0
2943,0,46,203,167,1200,0,18.0
2944,0,42,112,198,2200,2,12.0
2945,1,40,102,195,2600,0,7.0
2946,1,57,101,144,1200,0,18.0
2947,1,30,176,166,2400,2,5.0
2948,1,48,175,176,3000,2,9.0
2949,1,29,253,141,2200,0,2.0
2950,0,40,165,172,1500,2,23.0
2951,1,33,139,175,1800,0,22.0
2952,0,33,234,151,2400,2,5.0
2953,0,43,153,154,2600,0,7.0
2954,0,26,297,162,2000,2,10.0
2955,1,56,188,189,1300,2,3.0
2956,1,32,249,191,1600,1,25.0
2957,1,41,151,194,2100,2,15.0
2958,1,31,250,171,1900,1,16.0
2959,1,38,299,150,2500,0,6.0
2960,1,29,106,183,1400,2,24.0
2961,0,23,178,173,2700,1,28.0
2962,0,28,148,192,2500,2,21.0
2963,1,51,159,187,2800,0,29.0
2964,0,42,244,165,1400,1,26.0
2965,1,35,93,156,1400,0,24.0
2966,0,32,281,181,2700,1,28.0
2967,1,18,233,189,1800,0,16.0
2968,0,32,187,194,2300,1,17.0
2969,1,48,267,153,1600,0,25.0
2970,1,62,96,190,1900,0,4.0
2971,1,49,158,193,2100,0,15.0
2972,0,21,156,148,1400,0,24.0
2973,0,54,283,140,2900,2,19.0
2974,1,63,237,185,2300,1,17.0
2975,1,22,113,155,2300,2,12.0
2976,0,32,101,156,2400,1,21.0
2977,1,33,223,156,1500,2,8.0
2978,0,53,192,180,1800,2,22.0
2979,0,22,113,153,1500,2,23.0
2980,0,19,121,160,2000,1,20.0
2981,1,49,202,169,2600,2,14.0
2982,0,32,95,164,2200,1,12.0
2983,0,47,191,196,2000,2,10.0
2984,0,37,242,172,2900,2,19.0
2985,0,28,112,180,2800,0,29.0
2986,0,43,219,153,2300,0,17.0
2987,0,58,131,199,3000,1,9.0
2988,0,34,242,158,1300,2,3.0
2989,0,33,272,167,2100,1,27.0
2990,1,25,156,180,1400,2,24.0
2991,0,55,128,180,1600,1,1.0
2992,1,39,133,161,1500,0,23.0
2993,0,50,151,161,1600,1,1.0
2994,0,47,155,182,2700,1,13.0
2995,0,32,97,163,2300,1,12.0
2996,0,29,286,156,2800,2,0.0
2997,0,20,197,167,2700,1,28.0
2998,0,62,185,185,2600,1,14.0
2999,1,27,197,170,2600,1,14.0
